,Zone,Utilisation,Conformité,NombreUtilisations,NombreBatiments,NombreEtages,SurfacePlancherTotal,ConsoSite/S(kBtu/sf),AgeBatiment
0,Centre,Détente,Compliant,1,1.0,12,88434,81.69999695,89
1,Centre,Détente,Compliant,3,1.0,11,103566,94.80000305,20
2,Centre,Détente,Compliant,1,1.0,41,956110,96.0,47
3,Centre,Détente,Compliant,1,1.0,10,61320,110.8000031,90
4,Centre,Détente,Compliant,3,1.0,18,175580,114.8000031,36
5,Centre,Autre,Compliant,1,1.0,2,97288,136.1000061,17
6,Centre,Détente,Compliant,1,1.0,11,83008,70.80000305,90
7,Centre,Autre,Compliant,1,1.0,8,102761,61.29999924,90
8,Centre,Détente,Compliant,1,1.0,15,163984,83.69999695,112
10,Centre,Détente,Compliant,1,1.0,11,153163,119.5999985,47
11,Centre,Détente,Compliant,1,1.0,25,333176,80.0,18
12,Centre,Détente,Compliant,1,1.0,9,65009,101.5,88
13,Centre,Détente,Compliant,2,1.0,33,315952,75.5,36
14,Centre,Détente,Compliant,2,1.0,11,92190,159.5,94
15,Centre,Autre,Compliant,3,1.0,11,412000,50.79999924,12
16,Centre,Autre,Compliant,3,1.0,6,103911,76.59999847,86
17,Centre,Détente,Compliant,2,1.0,28,416281,96.30000305,33
18,Centre,Autre,Compliant,5,1.0,5,57452,132.3999939,109
19,Centre,Détente,Compliant,1,1.0,10,104352,97.30000305,100
20,Centre,Autre,Compliant,1,1.0,10,540360,83.69999695,100
21,Centre,Autre,Compliant,1,1.0,19,385274,124.1999969,31
23,Nord,Détente,Compliant,2,1.0,6,88592,63.20000076,15
24,Centre,Universitaire,Compliant,1,1.0,7,126593,90.69999695,88
25,Centre,Autre,Compliant,1,1.0,2,67224,19.5,86
26,Centre,Détente,Compliant,4,1.0,8,158676,45.5,25
27,Centre,Détente,Compliant,1,1.0,10,171866,85.80000305,15
29,Centre,Détente,Compliant,1,1.0,5,68410,92.90000153,38
32,Nord,Bureau,Compliant,4,1.0,3,87262,61.5,110
33,Nord,Détente,Compliant,1,1.0,4,81871,81.5,22
34,Nord,Industriel,Compliant,1,1.0,2,110356,12.10000038,61
36,Sud,Industriel,Compliant,3,3.0,2,714095,46.40000153,55
39,Nord,Bureau,Compliant,2,1.0,2,94900,65.19999695,55
40,Sud,Bureau,Compliant,2,1.0,2,52554,50.09999847,116
41,Nord,Universitaire,Compliant,1,1.0,3,175015,40.0,62
42,Centre,Industriel,Compliant,3,1.0,3,70586,30.60000038,105
43,Centre,Détente,Compliant,1,1.0,24,332210,46.40000153,47
44,Centre,Bureau,Compliant,3,1.0,5,168115,56.29999924,43
45,Centre,Autre,Compliant,2,1.0,2,57428,21.70000076,96
46,Centre,Bureau,Compliant,2,1.0,8,59400,85.40000153,106
47,Centre,Autre,Compliant,3,1.0,2,52549,286.3999939,90
48,Centre,Détente,Compliant,3,1.0,20,98634,54.59999847,86
49,Centre,Détente,Compliant,3,1.0,34,994212,80.90000153,34
50,Centre,Détente,Compliant,4,1.0,7,71150,93.09999847,31
51,Centre,Détente,Compliant,3,1.0,7,122810,44.0,108
52,Centre,Détente,Compliant,2,1.0,5,113173,74.80000305,57
53,Centre,Détente,Compliant,1,1.0,7,150453,60.70000076,16
54,Centre,Détente,Compliant,1,1.0,6,116300,65.90000153,19
55,Centre,Détente,Compliant,1,1.0,6,155602,43.90000153,18
56,Centre,Universitaire,Compliant,1,1.0,3,56072,57.70000076,105
57,Centre,Détente,Compliant,2,1.0,4,122942,68.40000153,17
58,Centre,Bureau,Compliant,1,1.0,2,54984,61.40000153,54
59,Sud,Médical,Compliant,2,1.0,5,217603,144.3999939,94
60,Nord,Médical,Compliant,1,1.0,2,93397,175.6000061,46
61,Centre,Détente,Compliant,2,1.0,6,84103,58.5,8
63,Centre,Médical,Compliant,1,0.0,3,179014,93.30000305,51
64,Centre,Détente,Compliant,1,1.0,7,76631,94.69999695,108
65,Centre,Autre,Compliant,6,1.0,6,99780,204.5,33
66,Centre,Supermarché,Compliant,1,1.0,2,58320,14.60000038,87
67,Centre,Bureau,Compliant,4,1.0,5,316306,48.0,6
68,Centre,Détente,Compliant,2,1.0,7,282863,82.5,26
69,Centre,Autre,Compliant,1,1.0,1,389000,64.30000305,54
70,Centre,Autre,Compliant,1,1.0,1,91213,125.1999969,54
71,Centre,Autre,Compliant,1,1.0,5,396085,75.19999695,78
72,Centre,Bureau,Compliant,3,1.0,12,571329,63.40000153,6
73,Centre,Autre,Compliant,1,1.0,2,52000,52.40000153,54
74,Centre,Autre,Compliant,1,1.0,1,60696,8.100000381,88
75,Centre,Autre,Compliant,1,1.0,2,262048,70.0,88
76,Centre,Bureau,Compliant,5,0.0,2,66240,74.90000153,30
77,Centre,Bureau,Compliant,3,1.0,6,920598,49.79999924,6
78,Centre,Bureau,Compliant,3,1.0,4,76213,68.19999695,46
79,Centre,Détente,Compliant,2,1.0,6,96910,86.0,14
80,Nord,Détente,Compliant,2,2.0,4,50017,108.9000015,54
82,Centre,Universitaire,Compliant,1,1.0,3,67743,39.09999847,93
83,Centre,Universitaire,Compliant,1,1.0,6,194104,32.0,108
84,Sud,Bureau,Compliant,2,1.0,3,99433,76.90000153,13
89,Nord,Autre,Compliant,1,1.0,4,56521,129.6999969,75
90,Nord,Autre,Compliant,2,1.0,2,206934,35.70000076,87
91,Nord,Détente,Compliant,2,1.0,4,51390,70.30000305,15
94,Nord,Détente,Compliant,1,1.0,3,69138,45.90000153,14
96,Centre,Détente,Compliant,2,1.0,5,190980,34.09999847,112
97,Centre,Autre,Compliant,1,1.0,6,284100,77.19999695,18
98,Nord,Médical,Compliant,2,4.0,5,285333,225.0,62
100,Centre,Autre,Compliant,2,1.0,4,61156,130.1000061,10
101,Centre,Autre,Compliant,1,1.0,4,72820,34.70000076,106
102,Centre,Détente,Compliant,2,1.0,4,162222,69.90000153,20
104,Centre,Universitaire,Compliant,1,1.0,3,63330,47.20000076,101
106,Nord,Bureau,Compliant,2,1.0,2,96300,167.8000031,14
107,Centre,Autre,Compliant,1,1.0,1,67356,109.4000015,66
112,Sud,Bureau,Compliant,2,1.0,1,54765,83.80000305,58
113,Sud,Autre,Compliant,3,1.0,5,89821,21.89999962,7
114,Nord,Universitaire,Compliant,1,1.0,2,52611,78.30000305,36
115,Nord,Universitaire,Compliant,1,1.0,4,139600,32.79999924,15
117,Centre,Autre,Compliant,2,3.0,6,250981,60.5,45
119,Centre,Autre,Compliant,1,1.0,11,299070,261.2999878,12
120,Sud,Bureau,Compliant,3,1.0,3,64015,60.0,9
121,Nord,Supermarché,Compliant,2,1.0,1,530039,52.29999924,65
122,Nord,Autre,Compliant,1,1.0,3,54224,154.5,52
123,Nord,Supermarché,Compliant,1,1.0,4,124342,71.90000153,51
124,Nord,Médical,Compliant,1,6.0,10,879000,288.7999878,63
125,Nord,Autre,Compliant,3,1.0,3,55442,85.59999847,20
127,Centre,Industriel,Compliant,1,1.0,5,84870,16.20000076,106
131,Sud,Industriel,Compliant,1,1.0,4,114297,18.39999962,112
134,Sud,Industriel,Compliant,1,1.0,1,234144,28.79999924,79
135,Sud,Supermarché,Compliant,1,1.0,1,64984,45.0,50
136,Sud,Supermarché,Compliant,1,1.0,1,67745,136.1999969,51
140,Nord,Autre,Compliant,1,1.0,3,56000,33.09999847,43
142,Sud,Industriel,Compliant,1,1.0,2,52088,26.39999962,47
144,Centre,Détente,Compliant,3,1.0,5,123920,75.59999847,18
145,Centre,Autre,Compliant,1,1.0,1,50000,175.6000061,116
146,Centre,Industriel,Compliant,4,1.0,2,50292,8.0,90
147,Centre,Détente,Compliant,1,1.0,7,207656,78.90000153,18
149,Nord,Bureau,Compliant,5,1.0,2,91130,100.5,59
151,Nord,Détente,Compliant,1,1.0,4,64893,95.5,48
154,Centre,Bureau,Compliant,3,1.0,3,44558,37.59999847,116
155,Centre,Autre,Compliant,2,1.0,6,1585960,37.70000076,17
156,Sud,Supermarché,Compliant,4,1.0,2,179161,52.20000076,92
157,Sud,Industriel,Compliant,4,1.0,2,58640,55.90000153,51
158,Centre,Autre,Compliant,1,1.0,3,1172127,50.09999847,17
159,Centre,Détente,Compliant,3,1.0,9,168449,88.19999695,11
160,Sud,Industriel,Compliant,1,0.0,4,79600,30.29999924,100
163,Nord,Autre,Compliant,5,1.0,6,419848,107.8000031,8
164,Centre,Autre,Compliant,5,1.0,4,110785,95.30000305,14
166,Centre,Détente,Compliant,5,1.0,0,934292,117.9000015,17
167,Centre,Médical,Compliant,2,6.0,5,597519,238.3999939,26
169,Nord,Industriel,Compliant,2,1.0,3,75397,8.199999809,25
170,Centre,Médical,Compliant,2,9.0,8,1158691,217.1000061,16
171,Centre,Médical,Compliant,6,1.0,5,102796,98.30000305,17
174,Nord,Universitaire,Compliant,1,1.0,2,55653,24.79999924,88
175,Nord,Détente,Compliant,1,1.0,16,106860,111.6999969,85
176,Nord,Bureau,Compliant,2,1.0,5,50759,62.0,44
177,Nord,Autre,Compliant,1,1.0,2,56772,43.0,64
178,Nord,Autre,Compliant,1,1.0,3,103000,47.09999847,64
185,Centre,Autre,Compliant,3,1.0,7,128766,47.0,102
186,Centre,Universitaire,Compliant,3,1.0,9,107572,54.79999924,103
187,Centre,Autre,Compliant,1,1.0,15,230880,306.3999939,61
192,Centre,Autre,Compliant,1,1.0,1,76086,42.0,43
193,Centre,Médical,Compliant,2,1.0,5,190000,183.5,89
194,Centre,Détente,Compliant,1,1.0,4,122309,208.1000061,55
196,Centre,Détente,Compliant,1,1.0,8,254273,96.19999695,13
197,Centre,Autre,Compliant,1,1.0,2,69400,213.6999969,36
198,Centre,Autre,Compliant,3,1.0,1,62900,158.3000031,116
199,Centre,Bureau,Compliant,2,1.0,4,56500,34.5,102
200,Centre,Industriel,Compliant,2,1.0,4,203504,18.60000038,8
201,Centre,Bureau,Compliant,1,0.0,3,100734,97.19999695,48
202,Centre,Bureau,Compliant,2,1.0,4,77662,80.59999847,35
203,Centre,Bureau,Compliant,4,1.0,12,234000,89.40000153,38
204,Centre,Bureau,Compliant,2,1.0,25,369996,64.5,27
205,Centre,Supermarché,Compliant,2,1.0,10,693450,57.79999924,91
206,Centre,Bureau,Compliant,5,1.0,33,791396,60.29999924,40
207,Centre,Bureau,Compliant,3,1.0,23,747747,56.20000076,16
208,Centre,Bureau,Compliant,2,1.0,10,63409,66.90000153,90
209,Centre,Bureau,Compliant,4,1.0,17,204790,44.5,86
210,Centre,Bureau,Compliant,2,1.0,5,73399,61.09999847,100
211,Centre,Bureau,Compliant,2,1.0,20,265851,64.59999847,47
212,Centre,Bureau,Compliant,2,1.0,25,758043,46.40000153,7
213,Centre,Bureau,Compliant,2,1.0,12,206000,53.29999924,48
214,Centre,Bureau,Compliant,2,1.0,36,824887,53.20000076,7
215,Centre,Bureau,Compliant,5,1.0,16,480840,52.70000076,26
216,Centre,Bureau,Compliant,3,1.0,7,89550,47.70000076,116
217,Centre,Bureau,Compliant,2,1.0,6,89355,46.79999924,116
218,Centre,Bureau,Compliant,1,1.0,15,388934,47.79999924,94
219,Centre,Bureau,Compliant,3,1.0,22,384302,28.39999962,87
220,Centre,Bureau,Compliant,2,1.0,17,378525,105.1999969,58
221,Centre,Bureau,Compliant,3,1.0,47,1323055,42.59999847,33
222,Centre,Bureau,Compliant,3,1.0,41,589921,51.20000076,30
223,Centre,Bureau,Compliant,2,1.0,6,91091,20.5,66
224,Centre,Bureau,Compliant,2,1.0,8,157941,44.09999847,48
225,Centre,Bureau,Compliant,2,1.0,29,635303,34.90000153,25
226,Centre,Bureau,Non-Compliant,3,1.0,6,172842,297.3999939,58
227,Centre,Bureau,Compliant,2,1.0,34,776762,53.70000076,36
228,Centre,Bureau,Compliant,3,1.0,14,186768,52.70000076,44
229,Centre,Bureau,Compliant,5,1.0,49,1123435,52.70000076,47
230,Centre,Bureau,Compliant,9,1.0,37,1052469,46.29999924,14
231,Centre,Bureau,Compliant,4,1.0,42,617684,115.9000015,43
232,Centre,Bureau,Compliant,3,1.0,8,201480,44.29999924,109
233,Centre,Bureau,Compliant,2,1.0,63,1354987,50.40000153,26
234,Centre,Bureau,Compliant,3,1.0,14,310490,71.0,15
235,Centre,Bureau,Compliant,4,1.0,8,199530,73.19999695,13
236,Centre,Bureau,Compliant,2,1.0,13,372242,43.29999924,10
237,Centre,Bureau,Compliant,1,1.0,7,114395,28.39999962,107
238,Nord,Supermarché,Compliant,1,1.0,2,89200,72.40000153,38
239,Nord,Bureau,Compliant,1,1.0,23,474546,60.0,45
240,Nord,Autre,Compliant,1,1.0,5,36000,834.4000244,47
241,Nord,Bureau,Compliant,1,0.0,5,99005,59.40000153,55
242,Nord,Bureau,Compliant,2,1.0,6,135051,46.09999847,14
243,Nord,Bureau,Compliant,2,1.0,5,220649,48.29999924,14
244,Centre,Industriel,Compliant,1,1.0,5,93660,9.300000191,52
245,Centre,Bureau,Compliant,2,1.0,18,413715,69.59999847,36
246,Centre,Autre,Compliant,3,1.0,11,381381,48.40000153,16
247,Centre,Bureau,Compliant,2,1.0,20,497513,73.0,28
248,Centre,Bureau,Compliant,2,1.0,24,543876,59.70000076,37
249,Centre,Autre,Compliant,3,1.0,4,109347,116.3000031,36
250,Centre,Bureau,Compliant,2,1.0,6,396626,74.30000305,34
251,Centre,Bureau,Compliant,4,1.0,6,287471,74.90000153,14
252,Centre,Bureau,Compliant,2,1.0,3,192630,36.70000076,69
253,Centre,Bureau,Compliant,4,1.0,8,253103,161.1999969,32
254,Nord,Supermarché,Compliant,1,1.0,1,60880,231.8000031,60
255,Centre,Bureau,Compliant,3,1.0,5,50176,46.59999847,116
256,Centre,Bureau,Compliant,4,1.0,42,304346,88.40000153,104
257,Sud,Industriel,Compliant,2,1.0,1,128800,14.0,39
258,Centre,Bureau,Compliant,3,1.0,8,321945,60.40000153,89
259,Centre,Bureau,Compliant,3,1.0,22,336330,71.90000153,52
260,Centre,Bureau,Compliant,3,1.0,21,298426,90.69999695,56
261,Centre,Bureau,Compliant,5,1.0,42,635824,62.90000153,40
262,Centre,Détente,Compliant,2,1.0,12,542305,104.1999969,93
263,Sud,Supermarché,Compliant,2,1.0,2,291940,40.0,36
264,Sud,Autre,Compliant,3,0.0,1,88400,48.29999924,46
265,Nord,Industriel,Compliant,1,1.0,1,52311,18.20000076,56
266,Centre,Autre,Compliant,3,1.0,5,141131,43.09999847,7
267,Centre,Bureau,Compliant,2,1.0,5,176532,56.09999847,15
268,Nord,Industriel,Compliant,2,1.0,1,52500,72.19999695,43
269,Nord,Industriel,Compliant,2,1.0,2,57300,79.59999847,57
270,Centre,Bureau,Compliant,3,1.0,6,350310,53.29999924,100
271,Centre,Bureau,Compliant,4,1.0,55,1400000,46.70000076,28
272,Centre,Détente,Compliant,1,1.0,21,305548,108.8000031,86
273,Centre,Bureau,Compliant,6,1.0,46,1536606,51.90000153,27
274,Centre,Bureau,Compliant,1,1.0,10,135918,44.40000153,58
275,Centre,Supermarché,Compliant,2,1.0,4,79957,80.30000305,102
277,Centre,Bureau,Compliant,3,1.0,29,500000,44.29999924,33
278,Centre,Bureau,Compliant,3,0.0,10,132326,52.70000076,90
279,Centre,Bureau,Compliant,4,1.0,6,109830,87.90000153,32
280,Centre,Détente,Compliant,1,0.0,19,332067,113.8000031,43
281,Centre,Bureau,Compliant,3,1.0,10,130513,89.30000305,106
282,Centre,Bureau,Compliant,2,1.0,8,60660,55.29999924,96
283,Centre,Bureau,Compliant,1,1.0,14,137350,51.09999847,87
284,Centre,Bureau,Compliant,1,1.0,15,151039,43.40000153,87
285,Centre,Bureau,Compliant,5,1.0,30,755000,78.09999847,31
286,Centre,Bureau,Compliant,1,1.0,4,63540,62.0,110
287,Centre,Bureau,Compliant,3,1.0,10,130893,57.20000076,89
288,Centre,Autre,Compliant,3,1.0,5,79920,37.70000076,106
290,Centre,Autre,Compliant,4,1.0,6,147852,157.5,20
291,Centre,Autre,Compliant,3,0.0,4,267335,74.69999695,20
292,Centre,Bureau,Compliant,3,1.0,56,1605578,36.79999924,27
293,Centre,Bureau,Compliant,3,1.0,36,794592,35.20000076,36
294,Centre,Bureau,Compliant,2,1.0,21,456304,56.59999847,45
295,Centre,Bureau,Compliant,3,1.0,12,115857,45.20000076,30
296,Centre,Bureau,Compliant,2,1.0,4,87500,63.40000153,17
297,Centre,Bureau,Compliant,2,1.0,11,374405,69.09999847,18
298,Centre,Autre,Compliant,1,1.0,12,193500,98.40000153,31
299,Centre,Bureau,Compliant,2,1.0,11,102846,52.5,93
300,Centre,Bureau,Compliant,2,1.0,4,52800,46.90000153,91
302,Centre,Supermarché,Compliant,2,1.0,8,861702,19.89999962,87
303,Centre,Autre,Compliant,1,1.0,5,206950,93.19999695,17
305,Centre,Autre,Compliant,1,1.0,9,46710,89.30000305,28
306,Centre,Médical,Compliant,2,1.0,3,266000,85.90000153,71
307,Centre,Médical,Compliant,2,1.0,14,690158,78.19999695,24
308,Centre,Autre,Compliant,6,1.0,6,378443,283.7000122,15
309,Centre,Autre,Compliant,6,1.0,6,213834,707.2999878,15
310,Centre,Détente,Compliant,1,1.0,5,109017,86.90000153,37
311,Centre,Bureau,Compliant,2,1.0,5,275734,71.69999695,35
312,Sud,Industriel,Compliant,1,1.0,1,123061,16.20000076,15
313,Sud,Supermarché,Compliant,2,1.0,1,59090,46.59999847,53
314,Sud,Industriel,Compliant,1,1.0,1,106000,7.199999809,53
315,Centre,Bureau,Compliant,3,1.0,3,158600,125.5999985,54
316,Sud,Supermarché,Compliant,1,1.0,1,119661,6.5,56
317,Centre,Bureau,Compliant,1,1.0,7,139200,52.90000153,15
318,Centre,Bureau,Compliant,2,1.0,6,95721,32.0,32
319,Centre,Bureau,Compliant,2,2.0,5,213283,53.59999847,20
320,Nord,Bureau,Compliant,1,1.0,3,103697,179.1000061,15
321,Nord,Bureau,Compliant,2,1.0,5,74880,71.59999847,42
322,Nord,Bureau,Compliant,2,1.0,6,88774,70.59999847,37
323,Nord,Bureau,Compliant,4,1.0,5,122250,43.5,33
324,Nord,Bureau,Compliant,2,1.0,4,53730,88.30000305,37
325,Sud,Bureau,Compliant,1,1.0,3,55593,76.0,56
326,Centre,Bureau,Compliant,2,1.0,4,134056,65.19999695,34
327,Sud,Supermarché,Compliant,1,1.0,1,158415,141.3999939,11
328,Centre,Bureau,Compliant,4,1.0,8,287819,176.0,87
329,Centre,Autre,Compliant,1,1.0,8,158738,389.1000061,41
330,Centre,Bureau,Compliant,2,1.0,4,86995,51.40000153,31
331,Nord,Supermarché,Compliant,3,1.0,1,164437,104.0,17
332,Centre,Bureau,Compliant,3,1.0,5,184482,47.40000153,7
333,Centre,Médical,Compliant,2,1.0,3,55200,210.0,88
334,Centre,Médical,Compliant,1,1.0,4,241159,191.3999939,13
335,Centre,Bureau,Compliant,5,1.0,6,139282,37.29999924,12
336,Centre,Bureau,Compliant,3,1.0,5,271071,42.40000153,7
337,Centre,Industriel,Compliant,1,1.0,5,127800,21.70000076,102
338,Centre,Bureau,Compliant,2,1.0,5,560516,80.80000305,14
339,Centre,Bureau,Compliant,2,1.0,6,226592,90.90000153,15
341,Centre,Autre,Compliant,4,1.0,5,159700,270.3999939,13
342,Centre,Bureau,Compliant,4,1.0,4,209816,51.0,10
343,Centre,Bureau,Compliant,3,1.0,6,303103,40.70000076,10
344,Centre,Autre,Compliant,5,1.0,3,67380,42.09999847,62
345,Centre,Médical,Compliant,1,1.0,4,102235,236.5,53
346,Centre,Autre,Compliant,3,1.0,5,436497,171.1999969,8
347,Centre,Bureau,Compliant,2,1.0,5,88062,52.70000076,42
348,Centre,Bureau,Compliant,2,1.0,5,87178,54.5,44
349,Centre,Bureau,Compliant,2,1.0,5,87178,52.29999924,46
350,Centre,Bureau,Compliant,2,1.0,5,88000,50.0,45
351,Nord,Médical,Compliant,2,1.0,4,196749,176.8999939,28
352,Nord,Médical,Compliant,1,1.0,4,191276,87.69999695,22
353,Nord,Industriel,Compliant,11,2.0,2,111445,47.79999924,70
354,Sud,Industriel,Compliant,1,1.0,4,98475,11.10000038,19
355,Centre,Médical,Compliant,1,1.0,7,351530,198.1000061,16
356,Nord,Supermarché,Compliant,2,1.0,2,308965,119.9000015,21
357,Sud,Supermarché,Compliant,1,1.0,1,63225,103.1999969,8
358,Sud,Autre,Compliant,2,0.0,1,113780,31.39999962,61
359,Sud,Industriel,Compliant,1,1.0,1,243044,4.300000191,17
360,Nord,Autre,Compliant,3,1.0,3,280252,93.0,15
361,Centre,Autre,Compliant,2,1.0,3,66462,95.5,64
362,Nord,Supermarché,Compliant,1,1.0,1,131387,81.30000305,19
363,Nord,Industriel,Compliant,1,1.0,3,94400,11.69999981,17
364,Nord,Autre,Compliant,2,6.0,1,111900,79.0,52
365,Nord,Supermarché,Compliant,1,0.0,1,144776,92.69999695,32
366,Nord,Supermarché,Compliant,2,1.0,1,114000,150.8999939,49
367,Nord,Supermarché,Compliant,2,1.0,1,50083,173.0,19
368,Nord,Bureau,Compliant,1,1.0,3,124071,51.70000076,28
369,Nord,Bureau,Compliant,1,1.0,4,90000,43.29999924,16
370,Nord,Bureau,Compliant,2,1.0,3,96041,87.0,15
371,Nord,Bureau,Compliant,4,1.0,3,280957,68.69999695,17
372,Nord,Bureau,Compliant,2,1.0,4,243334,62.20000076,17
373,Centre,Autre,Compliant,9,1.0,6,154660,209.3000031,25
374,Sud,Bureau,Compliant,2,1.0,5,390295,31.60000038,34
375,Sud,Industriel,Compliant,2,1.0,2,90000,15.89999962,49
376,Sud,Supermarché,Compliant,1,1.0,1,50200,20.89999962,50
377,Nord,Bureau,Compliant,5,1.0,6,94033,56.59999847,91
378,Nord,Industriel,Compliant,1,1.0,2,63240,3.599999905,75
379,Nord,Autre,Compliant,2,1.0,5,322869,130.6999969,8
380,Nord,Industriel,Compliant,2,1.0,4,130293,3.599999905,28
381,Nord,Industriel,Compliant,1,1.0,4,106041,10.60000038,19
382,Centre,Industriel,Compliant,1,1.0,3,94470,10.60000038,60
383,Centre,Bureau,Compliant,3,1.0,10,181694,49.90000153,14
384,Nord,Supermarché,Non-Compliant,1,1.0,2,69492,4.599999905,29
385,Sud,Industriel,Compliant,1,1.0,1,22780,17.60000038,50
386,Sud,Supermarché,Compliant,2,1.0,1,124472,43.90000153,49
387,Centre,Bureau,Compliant,2,1.0,22,227556,37.29999924,46
388,Sud,Supermarché,Compliant,2,1.0,1,50065,30.60000038,49
389,Sud,Supermarché,Compliant,1,1.0,1,57540,44.90000153,47
390,Sud,Industriel,Compliant,1,1.0,1,85400,18.0,50
391,Sud,Industriel,Compliant,1,1.0,1,55700,9.300000191,50
392,Sud,Bureau,Compliant,2,1.0,1,53250,34.0,52
393,Centre,Bureau,Compliant,1,1.0,6,78672,27.70000076,29
394,Nord,Industriel,Compliant,1,1.0,3,64660,5.0,30
395,Centre,Autre,Compliant,3,1.0,2,75844,64.80000305,89
396,Sud,Supermarché,Compliant,1,1.0,1,161678,57.59999847,48
397,Sud,Supermarché,Compliant,1,1.0,1,101101,215.6000061,67
398,Sud,Supermarché,Compliant,1,1.0,1,52613,17.79999924,36
399,Sud,Autre,Compliant,2,1.0,1,56608,89.59999847,76
400,Sud,Industriel,Compliant,3,1.0,1,104099,170.0,63
401,Nord,Supermarché,Compliant,2,1.0,1,58184,284.5,13
402,Nord,Supermarché,Compliant,1,1.0,1,58480,248.8000031,36
403,Centre,Bureau,Compliant,3,1.0,6,336700,41.59999847,11
404,Centre,Supermarché,Compliant,1,1.0,4,264008,100.5,20
405,Centre,Bureau,Compliant,3,1.0,2,62220,87.80000305,102
406,Centre,Bureau,Compliant,2,1.0,1,65430,46.20000076,46
407,Nord,Bureau,Compliant,2,1.0,3,102290,72.40000153,10
408,Centre,Autre,Compliant,1,1.0,3,80004,163.3999939,90
409,Sud,Industriel,Compliant,2,1.0,2,323916,24.79999924,25
410,Centre,Autre,Compliant,3,1.0,14,304052,69.40000153,84
411,Centre,Bureau,Compliant,3,1.0,4,85385,91.40000153,38
412,Sud,Supermarché,Compliant,2,1.0,2,98024,20.39999962,27
413,Centre,Autre,Compliant,3,1.0,1,65000,86.80000305,88
414,Centre,Bureau,Compliant,2,1.0,5,144573,65.40000153,26
415,Nord,Supermarché,Compliant,1,1.0,2,302812,24.10000038,66
416,Nord,Bureau,Compliant,1,1.0,5,86400,116.0999985,42
417,Nord,Autre,Compliant,1,0.0,2,98539,55.29999924,47
418,Nord,Bureau,Compliant,2,1.0,6,86483,73.59999847,35
419,Sud,Supermarché,Compliant,2,1.0,1,51600,21.79999924,40
420,Sud,Industriel,Compliant,1,1.0,1,140520,15.80000019,48
421,Centre,Bureau,Compliant,2,1.0,5,154029,50.59999847,30
422,Nord,Autre,Compliant,2,1.0,3,161789,99.69999695,11
423,Nord,Médical,Compliant,2,1.0,3,63909,74.59999847,11
424,Nord,Industriel,Compliant,2,1.0,2,53472,17.10000038,68
425,Sud,Industriel,Compliant,1,1.0,1,50417,36.59999847,36
427,Nord,Médical,Compliant,1,1.0,3,133298,117.3000031,55
428,Nord,Supermarché,Compliant,1,1.0,2,168619,37.29999924,51
429,Centre,Autre,Compliant,3,0.0,5,251827,280.3999939,14
430,Centre,Bureau,Compliant,2,1.0,4,175885,62.40000153,16
431,Sud,Industriel,Compliant,1,1.0,2,104786,9.800000191,47
432,Sud,Autre,Compliant,1,1.0,1,53040,34.40000153,16
433,Sud,Autre,Compliant,1,0.0,1,110689,21.10000038,43
434,Sud,Bureau,Compliant,1,1.0,1,53620,38.40000153,68
435,Sud,Bureau,Compliant,1,1.0,1,50008,64.0,78
436,Centre,Bureau,Compliant,2,1.0,4,291176,34.20000076,7
437,Sud,Industriel,Compliant,2,1.0,1,50832,50.20000076,59
438,Sud,Industriel,Compliant,1,1.0,1,76354,37.20000076,45
439,Sud,Industriel,Compliant,1,1.0,1,98480,28.79999924,60
440,Nord,Autre,Compliant,4,1.0,2,53002,64.40000153,112
441,Centre,Autre,Compliant,3,1.0,3,175918,232.3000031,8
442,Centre,Autre,Compliant,2,1.0,3,169785,180.6999969,96
443,Centre,Bureau,Compliant,4,1.0,11,124721,111.4000015,45
444,Centre,Bureau,Compliant,2,1.0,7,94002,60.29999924,46
445,Sud,Industriel,Compliant,1,1.0,1,93020,13.5,42
446,Centre,Autre,Compliant,2,1.0,1,23000,30.89999962,70
447,Sud,Supermarché,Compliant,2,1.0,1,61053,241.3000031,14
448,Centre,Bureau,Non-Compliant,1,5.0,7,154159,58.0,103
449,Centre,Bureau,Compliant,1,1.0,5,78920,36.0,112
450,Centre,Bureau,Compliant,2,1.0,7,99440,74.30000305,110
451,Centre,Bureau,Compliant,1,1.0,6,73260,44.70000076,109
452,Centre,Bureau,Compliant,2,1.0,4,69817,35.90000153,116
453,Centre,Bureau,Compliant,2,1.0,4,84750,29.79999924,116
454,Centre,Bureau,Compliant,3,1.0,6,75496,59.29999924,116
455,Centre,Bureau,Compliant,2,1.0,4,164380,53.0,116
456,Centre,Bureau,Compliant,1,1.0,7,160580,27.0,109
458,Centre,Autre,Compliant,4,1.0,3,67755,29.10000038,110
459,Centre,Autre,Compliant,3,1.0,3,56700,41.79999924,106
460,Centre,Industriel,Compliant,2,1.0,1,82852,26.29999924,94
461,Sud,Autre,Compliant,3,1.0,2,76442,52.29999924,63
462,Sud,Supermarché,Compliant,2,1.0,2,92792,31.89999962,54
463,Sud,Autre,Compliant,1,2.0,2,125519,15.69999981,75
464,Sud,Bureau,Compliant,1,1.0,4,129000,41.70000076,116
465,Sud,Industriel,Compliant,1,1.0,1,78814,10.89999962,62
466,Centre,Bureau,Compliant,4,1.0,4,58970,30.39999962,112
467,Centre,Supermarché,Compliant,3,1.0,6,75600,43.70000076,106
468,Centre,Supermarché,Compliant,4,1.0,4,56270,18.79999924,109
469,Centre,Bureau,Compliant,2,1.0,4,66842,104.5999985,112
470,Centre,Bureau,Compliant,2,1.0,6,75288,44.09999847,107
471,Centre,Bureau,Compliant,2,1.0,7,184322,52.70000076,112
472,Centre,Bureau,Compliant,2,1.0,7,287853,89.40000153,7
473,Centre,Bureau,Compliant,1,1.0,2,64512,94.69999695,102
474,Sud,Autre,Compliant,5,1.0,6,286000,366.3999939,7
475,Sud,Industriel,Compliant,1,1.0,7,144050,27.29999924,90
476,Sud,Bureau,Compliant,1,1.0,3,60592,83.59999847,86
477,Sud,Bureau,Compliant,3,0.0,6,1380959,49.29999924,104
478,Sud,Supermarché,Compliant,1,1.0,1,107930,67.0,23
479,Sud,Industriel,Compliant,1,1.0,1,99084,16.29999924,90
480,Sud,Supermarché,Compliant,1,1.0,1,72719,35.5,63
481,Centre,Bureau,Compliant,1,0.0,4,76624,36.20000076,86
482,Nord,Bureau,Compliant,3,1.0,6,91706,150.3000031,15
483,Centre,Médical,Compliant,3,1.0,5,129093,203.1999969,8
484,Sud,Bureau,Compliant,2,1.0,5,138106,70.40000153,25
485,Sud,Supermarché,Compliant,1,1.0,1,56572,42.59999847,43
487,Centre,Médical,Compliant,1,1.0,0,225982,102.6999969,12
488,Centre,Autre,Compliant,7,0.0,0,516407,76.30000305,10
489,Centre,Bureau,Compliant,3,1.0,11,312512,82.40000153,16
490,Centre,Bureau,Compliant,5,1.0,42,1592914,45.29999924,11
491,Centre,Bureau,Compliant,3,1.0,6,97720,33.70000076,90
492,Centre,Médical,Compliant,1,1.0,10,422503,87.40000153,31
493,Centre,Médical,Compliant,1,1.0,7,94500,50.90000153,29
494,Sud,Supermarché,Compliant,1,0.0,1,94713,49.40000153,11
495,Centre,Médical,Compliant,2,1.0,9,302902,73.30000305,8
496,Centre,Médical,Compliant,2,1.0,19,319911,88.30000305,43
497,Centre,Bureau,Compliant,2,1.0,6,205521,56.70000076,116
498,Centre,Bureau,Compliant,2,1.0,6,56700,54.29999924,116
499,Centre,Bureau,Compliant,1,1.0,4,72000,37.90000153,91
500,Centre,Bureau,Compliant,2,1.0,4,191146,49.5,16
501,Sud,Autre,Compliant,3,1.0,3,68763,180.6000061,15
502,Sud,Autre,Compliant,2,3.0,1,102133,192.8999939,22
504,Centre,Bureau,Compliant,3,1.0,14,362046,66.59999847,8
506,Centre,Autre,Compliant,1,3.0,2,81336,160.8000031,22
507,Centre,Bureau,Compliant,2,1.0,23,538933,43.70000076,15
509,Centre,Autre,Compliant,2,1.0,6,275982,66.40000153,33
510,Centre,Bureau,Compliant,1,1.0,5,98668,44.5,34
511,Sud,Bureau,Compliant,4,1.0,1,158931,67.69999695,9
512,Nord,Bureau,Compliant,1,1.0,1,105100,210.1000061,38
514,Centre,Supermarché,Compliant,1,1.0,1,50660,52.5,38
515,Centre,Bureau,Compliant,1,1.0,2,61929,55.20000076,79
516,Centre,Bureau,Compliant,3,1.0,4,165111,231.3999939,16
517,Centre,Bureau,Non-Compliant,3,1.0,4,129551,311.7000122,16
518,Centre,Bureau,Compliant,1,1.0,3,20565,39.0,91
519,Centre,Bureau,Compliant,2,1.0,5,159937,73.80000305,16
520,Centre,Bureau,Compliant,3,1.0,5,183964,108.3000031,8
521,Centre,Bureau,Compliant,2,1.0,5,208210,50.09999847,30
522,Centre,Bureau,Compliant,3,1.0,7,277486,65.90000153,30
523,Centre,Bureau,Compliant,6,1.0,3,187130,52.59999847,23
524,Centre,Bureau,Compliant,2,1.0,5,251044,123.6999969,16
525,Centre,Industriel,Compliant,1,1.0,5,154330,13.19999981,104
526,Centre,Bureau,Compliant,6,1.0,6,108245,45.79999924,98
527,Centre,Bureau,Compliant,3,1.0,6,167860,52.0,111
528,Centre,Bureau,Compliant,2,1.0,6,112560,51.29999924,106
529,Centre,Supermarché,Compliant,1,1.0,6,86204,43.5,106
530,Sud,Industriel,Compliant,3,1.0,2,145158,52.29999924,31
531,Sud,Bureau,Compliant,2,1.0,2,112896,92.90000153,65
532,Sud,Supermarché,Compliant,2,1.0,1,110613,9.199999809,56
533,Sud,Industriel,Compliant,2,1.0,4,149881,16.10000038,65
534,Sud,Industriel,Compliant,1,1.0,3,98220,50.0,65
535,Sud,Supermarché,Compliant,3,1.0,1,84420,35.0,46
536,Sud,Supermarché,Compliant,2,1.0,1,73335,70.90000153,55
537,Sud,Supermarché,Compliant,3,1.0,2,56876,31.5,88
538,Sud,Industriel,Compliant,1,1.0,2,61200,80.30000305,85
539,Sud,Supermarché,Compliant,1,1.0,1,111908,14.30000019,29
540,Centre,Autre,Compliant,2,3.0,2,63644,104.4000015,30
541,Centre,Autre,Compliant,6,3.0,2,108753,33.5,86
542,Nord,Supermarché,Compliant,2,1.0,1,141890,100.0,46
543,Nord,Bureau,Compliant,1,1.0,4,92092,68.69999695,15
544,Nord,Industriel,Compliant,3,0.0,3,56259,41.70000076,42
545,Nord,Autre,Compliant,2,1.0,6,143439,214.3999939,10
546,Nord,Bureau,Compliant,3,1.0,4,202623,79.5,8
547,Nord,Bureau,Compliant,1,1.0,2,77174,71.0,16
548,Centre,Bureau,Compliant,3,1.0,5,110524,63.90000153,18
549,Centre,Autre,Compliant,4,1.0,5,287224,139.8999939,8
550,Centre,Médical,Compliant,1,1.0,4,115748,374.2000122,17
551,Centre,Bureau,Compliant,2,1.0,7,241875,53.09999847,16
552,Centre,Bureau,Compliant,2,1.0,5,102930,53.29999924,42
553,Centre,Bureau,Compliant,3,1.0,3,76893,113.3000031,114
554,Centre,Bureau,Compliant,2,1.0,8,150000,73.80000305,41
555,Centre,Bureau,Compliant,1,1.0,7,274362,60.29999924,63
556,Centre,Bureau,Compliant,2,1.0,15,378002,65.69999695,33
557,Centre,Bureau,Compliant,3,1.0,11,169020,65.59999847,53
558,Centre,Autre,Compliant,2,1.0,33,429405,639.7000122,35
559,Centre,Bureau,Compliant,2,1.0,76,1952220,55.29999924,31
560,Centre,Bureau,Compliant,3,1.0,19,383515,47.90000153,35
561,Centre,Médical,Compliant,3,1.0,18,363934,72.90000153,91
562,Centre,Supermarché,Compliant,1,1.0,4,78920,105.1999969,87
564,Centre,Autre,Compliant,4,1.0,0,947987,62.29999924,17
565,Centre,Autre,Compliant,5,1.0,4,55520,66.40000153,108
566,Centre,Bureau,Compliant,2,1.0,10,132998,27.29999924,108
567,Centre,Supermarché,Compliant,1,1.0,3,83118,54.29999924,76
568,Centre,Supermarché,Compliant,1,1.0,3,77555,106.0999985,92
569,Centre,Bureau,Compliant,2,1.0,6,51218,55.5,107
570,Centre,Bureau,Compliant,4,1.0,29,489182,93.80000305,46
571,Centre,Bureau,Compliant,3,1.0,27,216571,86.0,87
572,Centre,Bureau,Compliant,2,1.0,13,189175,115.8000031,95
573,Centre,Bureau,Compliant,2,1.0,13,293803,117.4000015,18
574,Centre,Bureau,Compliant,3,1.0,7,122356,41.09999847,106
575,Centre,Bureau,Compliant,1,1.0,3,52298,39.20000076,95
576,Centre,Bureau,Compliant,4,1.0,17,116640,70.30000305,105
577,Centre,Bureau,Compliant,5,1.0,42,1249055,38.0,35
579,Centre,Médical,Compliant,2,1.0,5,188339,104.0999985,28
580,Centre,Universitaire,Compliant,2,1.0,2,60122,11.5,100
581,Centre,Bureau,Compliant,2,1.0,6,95000,48.0,106
582,Centre,Bureau,Compliant,1,1.0,9,224857,74.5,45
583,Centre,Bureau,Compliant,2,1.0,8,446261,39.5,18
584,Centre,Autre,Compliant,1,1.0,2,58492,27.29999924,77
585,Sud,Bureau,Compliant,2,1.0,6,62370,72.69999695,109
586,Sud,Industriel,Compliant,2,1.0,1,73296,30.29999924,56
587,Sud,Autre,Compliant,2,1.0,4,99122,146.0,72
588,Sud,Autre,Compliant,3,1.0,1,66133,82.40000153,31
589,Sud,Industriel,Compliant,4,1.0,2,115668,30.79999924,64
590,Sud,Autre,Compliant,1,1.0,1,141686,43.79999924,46
591,Sud,Bureau,Compliant,2,1.0,1,93610,61.29999924,66
592,Sud,Bureau,Compliant,2,1.0,2,156188,48.20000076,43
593,Sud,Industriel,Compliant,1,1.0,1,115620,34.29999924,50
594,Sud,Bureau,Compliant,2,1.0,5,238148,43.90000153,41
595,Sud,Supermarché,Compliant,1,1.0,1,71718,2.099999905,47
596,Sud,Industriel,Compliant,2,1.0,1,55450,78.40000153,47
597,Sud,Supermarché,Compliant,1,1.0,1,54880,50.20000076,37
598,Sud,Supermarché,Compliant,2,1.0,1,102500,73.40000153,24
599,Nord,Autre,Compliant,4,1.0,6,361398,108.5,14
600,Sud,Supermarché,Compliant,1,1.0,1,50785,271.7000122,53
601,Sud,Bureau,Compliant,1,1.0,3,85126,465.5,87
602,Nord,Autre,Compliant,4,1.0,5,303255,36.5,16
603,Sud,Supermarché,Compliant,3,1.0,1,411584,37.0,30
604,Centre,Autre,Compliant,3,1.0,4,73320,20.0,114
605,Centre,Bureau,Compliant,2,1.0,4,242686,65.0,8
606,Centre,Bureau,Compliant,1,1.0,6,95760,56.29999924,116
607,Sud,Industriel,Compliant,1,1.0,1,179413,19.39999962,70
608,Sud,Industriel,Compliant,4,0.0,1,65288,8.600000381,99
609,Sud,Industriel,Compliant,2,1.0,1,170632,3.5,50
610,Centre,Bureau,Compliant,2,1.0,10,381511,51.90000153,22
611,Centre,Bureau,Compliant,2,1.0,17,413264,46.09999847,7
612,Nord,Autre,Compliant,4,1.0,6,122400,68.30000305,7
613,Nord,Supermarché,Compliant,4,1.0,2,93803,58.79999924,60
615,Sud,Industriel,Compliant,2,1.0,2,123000,21.89999962,50
616,Centre,Médical,Compliant,1,1.0,5,275130,55.90000153,13
617,Sud,Industriel,Compliant,2,1.0,1,60448,17.39999962,38
618,Centre,Médical,Compliant,2,7.0,14,1765970,177.8999939,22
619,Centre,Autre,Compliant,1,3.0,4,62600,51.79999924,88
620,Centre,Autre,Compliant,3,1.0,4,77412,58.20000076,12
621,Centre,Médical,Compliant,2,1.0,5,289419,87.09999847,26
622,Nord,Autre,Compliant,1,1.0,5,90266,88.80000305,29
623,Nord,Industriel,Compliant,1,1.0,4,87332,13.30000019,12
624,Centre,Détente,Compliant,2,1.0,6,150545,133.3999939,13
625,Centre,Autre,Compliant,2,1.0,5,141718,136.3000031,17
626,Centre,Détente,Compliant,4,1.0,5,111856,98.40000153,8
627,Centre,Industriel,Compliant,1,1.0,4,132828,8.199999809,28
628,Sud,Industriel,Compliant,2,1.0,1,70400,198.3000031,46
629,Nord,Supermarché,Compliant,1,1.0,1,101830,81.90000153,21
631,Centre,Universitaire,Compliant,1,2.0,4,114000,66.40000153,42
633,Sud,Industriel,Compliant,2,1.0,1,152365,6.800000191,51
634,Centre,Médical,Compliant,2,1.0,6,320946,78.90000153,106
635,Sud,Supermarché,Compliant,1,1.0,1,74178,72.80000305,58
636,Nord,Industriel,Compliant,1,1.0,4,80360,8.5,29
638,Centre,Supermarché,Compliant,1,1.0,3,119190,217.8000031,20
639,Centre,Autre,Compliant,2,1.0,2,51856,37.40000153,8
640,Sud,Autre,Compliant,4,1.0,3,66138,139.8000031,95
641,Nord,Bureau,Compliant,1,1.0,3,113944,273.2999878,56
644,Nord,Autre,Compliant,1,1.0,3,93079,21.89999962,16
651,Nord,Autre,Compliant,1,1.0,2,22220,35.0,59
656,Sud,Autre,Compliant,3,1.0,1,44700,42.70000076,54
657,Sud,Industriel,Compliant,1,1.0,1,44100,40.5,40
658,Sud,Supermarché,Compliant,1,1.0,1,27800,44.0,51
660,Sud,Industriel,Compliant,1,1.0,1,46340,55.29999924,15
663,Centre,Bureau,Compliant,1,1.0,3,38460,50.70000076,106
669,Nord,Autre,Compliant,1,1.0,2,21022,45.0,94
680,Sud,Supermarché,Compliant,1,1.0,1,48001,44.70000076,49
681,Sud,Industriel,Compliant,2,1.0,1,26380,19.29999924,37
682,Sud,Industriel,Compliant,2,1.0,1,37351,65.40000153,47
683,Sud,Industriel,Compliant,1,1.0,1,30375,11.39999962,35
684,Sud,Industriel,Compliant,2,1.0,1,30004,12.60000038,37
687,Nord,Autre,Compliant,4,1.0,3,39971,274.2000122,88
689,Nord,Autre,Compliant,1,1.0,2,33589,15.19999981,102
692,Nord,Bureau,Compliant,1,1.0,3,43500,74.0,37
693,Nord,Bureau,Compliant,1,1.0,2,28492,66.59999847,38
694,Nord,Bureau,Compliant,6,1.0,3,22325,62.79999924,53
695,Nord,Détente,Compliant,2,1.0,3,22719,59.79999924,39
697,Centre,Médical,Compliant,1,1.0,2,44588,105.0999985,70
715,Centre,Supermarché,Compliant,1,1.0,2,147545,46.0,99
716,Nord,Autre,Compliant,2,1.0,2,21462,42.90000153,93
726,Nord,Autre,Compliant,1,1.0,2,28072,57.20000076,99
730,Centre,Détente,Compliant,1,1.0,2,31020,160.1999969,61
731,Centre,Bureau,Compliant,2,1.0,2,21600,75.80000305,99
732,Centre,Bureau,Compliant,2,1.0,5,61825,104.0999985,42
735,Centre,Bureau,Compliant,1,1.0,3,64630,21.79999924,74
736,Centre,Autre,Compliant,1,1.0,2,20920,49.79999924,68
742,Sud,Autre,Compliant,1,1.0,2,22128,27.5,90
745,Nord,Supermarché,Compliant,1,1.0,1,48139,21.5,48
750,Sud,Autre,Compliant,2,1.0,2,21364,45.20000076,67
768,Centre,Universitaire,Compliant,1,1.0,2,28923,15.30000019,24
770,Centre,Universitaire,Compliant,1,1.0,3,21600,15.0,88
773,Nord,Supermarché,Compliant,1,1.0,1,25735,45.5,20
775,Nord,Supermarché,Compliant,2,1.0,2,25862,185.6999969,60
776,Nord,Supermarché,Compliant,2,1.0,2,49965,67.59999847,13
780,Centre,Bureau,Compliant,1,1.0,2,20028,25.60000038,87
782,Centre,Bureau,Compliant,2,1.0,7,23622,19.39999962,116
783,Centre,Bureau,Compliant,2,1.0,3,23563,37.5,114
784,Centre,Autre,Compliant,3,1.0,3,28600,40.90000153,113
785,Centre,Autre,Compliant,3,1.0,2,38539,83.59999847,38
786,Centre,Bureau,Compliant,1,1.0,5,26840,68.5,110
787,Centre,Supermarché,Compliant,2,1.0,2,46800,26.60000038,110
788,Centre,Bureau,Compliant,2,1.0,3,63990,53.0,37
789,Centre,Bureau,Compliant,3,1.0,3,28800,38.40000153,108
792,Centre,Bureau,Compliant,2,1.0,3,33552,63.90000153,62
793,Centre,Supermarché,Compliant,1,1.0,2,26270,59.40000153,85
794,Centre,Bureau,Compliant,2,1.0,3,57620,47.90000153,90
796,Centre,Autre,Compliant,3,1.0,2,28696,20.20000076,62
797,Centre,Détente,Compliant,1,1.0,5,57800,42.29999924,26
805,Centre,Autre,Compliant,1,1.0,2,31890,59.59999847,61
806,Centre,Bureau,Compliant,2,1.0,2,44098,55.59999847,91
807,Centre,Détente,Compliant,1,1.0,3,22381,157.8999939,93
809,Centre,Médical,Compliant,2,0.0,4,49249,696.7000122,90
810,Centre,Supermarché,Compliant,2,1.0,1,24825,18.0,91
815,Centre,Médical,Compliant,1,1.0,4,26670,58.20000076,64
819,Centre,Autre,Compliant,1,1.0,2,37740,79.5,94
828,Centre,Bureau,Compliant,3,1.0,1,23752,44.90000153,51
829,Centre,Détente,Compliant,1,1.0,4,44416,50.70000076,49
830,Centre,Autre,Compliant,4,1.0,2,33792,241.1000061,10
847,Nord,Autre,Compliant,1,1.0,2,45991,24.89999962,88
858,Nord,Universitaire,Compliant,1,1.0,3,21499,28.10000038,95
859,Nord,Bureau,Compliant,1,1.0,2,20384,71.59999847,27
861,Nord,Supermarché,Compliant,4,1.0,2,39265,133.3999939,60
862,Nord,Supermarché,Compliant,2,1.0,2,54284,124.0,60
863,Nord,Supermarché,Compliant,2,1.0,1,23409,108.6999969,60
864,Nord,Supermarché,Compliant,3,1.0,1,63153,73.5,19
867,Nord,Détente,Compliant,1,2.0,2,24100,51.40000153,55
868,Centre,Détente,Compliant,2,1.0,3,33600,133.1999969,93
873,Centre,Autre,Compliant,2,1.0,4,32356,57.40000153,89
874,Centre,Détente,Compliant,1,1.0,7,61180,65.30000305,56
875,Centre,Bureau,Compliant,2,1.0,5,43506,106.1999969,38
882,Nord,Autre,Compliant,1,1.0,2,23931,20.70000076,106
883,Nord,Autre,Compliant,1,1.0,2,21393,39.5,68
887,Sud,Autre,Compliant,3,1.0,2,47560,24.0,26
888,Centre,Médical,Compliant,3,1.0,6,62334,21.0,10
890,Nord,Universitaire,Compliant,1,1.0,3,20960,71.59999847,86
894,Centre,Universitaire,Compliant,1,1.0,3,28800,24.89999962,106
895,Centre,Universitaire,Compliant,1,1.0,2,21600,58.40000153,59
896,Centre,Universitaire,Compliant,1,1.0,3,22860,40.70000076,21
900,Nord,Autre,Compliant,2,1.0,1,26366,33.70000076,44
904,Sud,Autre,Compliant,1,1.0,2,21732,39.59999847,51
911,Nord,Autre,Compliant,4,1.0,1,21060,14.30000019,71
912,Nord,Autre,Compliant,5,1.0,4,20539,81.0,56
921,Nord,Supermarché,Compliant,1,1.0,3,32960,24.70000076,116
922,Nord,Autre,Compliant,2,1.0,3,29636,23.20000076,95
923,Nord,Détente,Compliant,1,1.0,3,20571,34.79999924,86
932,Nord,Autre,Compliant,2,1.0,2,47992,63.29999924,90
934,Nord,Universitaire,Compliant,2,1.0,3,28572,123.5,23
952,Centre,Universitaire,Compliant,2,0.0,15,115775,16.5,34
953,Nord,Autre,Compliant,1,1.0,2,31386,37.59999847,16
963,Nord,Bureau,Compliant,1,1.0,2,84116,48.0,4
964,Centre,Détente,Compliant,2,1.0,9,104000,83.59999847,91
966,Sud,Médical,Compliant,2,1.0,3,78374,56.59999847,35
968,Nord,Autre,Compliant,2,1.0,2,38784,54.70000076,9
972,Sud,Autre,Compliant,2,1.0,2,41790,52.09999847,47
973,Centre,Bureau,Compliant,2,1.0,5,39960,54.5,116
974,Centre,Industriel,Compliant,2,1.0,5,33300,3.0,116
975,Centre,Détente,Compliant,1,1.0,11,36240,59.29999924,90
976,Centre,Autre,Compliant,1,1.0,3,39320,77.40000153,94
978,Centre,Autre,Compliant,1,1.0,5,41536,65.90000153,108
980,Centre,Détente,Compliant,1,1.0,6,35820,92.69999695,107
982,Sud,Universitaire,Compliant,1,1.0,2,33462,68.90000153,94
983,Sud,Universitaire,Compliant,1,1.0,3,49744,42.20000076,51
984,Sud,Autre,Compliant,2,1.0,2,37816,37.0,93
985,Sud,Autre,Compliant,3,0.0,2,23315,81.30000305,90
986,Sud,Autre,Compliant,4,1.0,2,20700,206.1000061,86
989,Sud,Autre,Compliant,3,1.0,1,41521,116.0,68
990,Sud,Supermarché,Compliant,1,1.0,2,25762,74.0,70
992,Sud,Autre,Compliant,2,1.0,1,33334,122.4000015,32
993,Sud,Bureau,Compliant,1,1.0,3,43387,59.70000076,35
1000,Nord,Autre,Compliant,3,1.0,1,39350,6.5,37
1002,Nord,Autre,Compliant,2,0.0,1,22405,189.1000061,67
1010,Sud,Industriel,Compliant,1,1.0,1,37500,29.5,31
1011,Centre,Médical,Compliant,1,1.0,2,39000,67.09999847,26
1012,Sud,Autre,Compliant,2,1.0,1,22180,229.3999939,92
1017,Sud,Supermarché,Compliant,3,1.0,1,25920,47.09999847,47
1018,Sud,Industriel,Compliant,1,1.0,1,25480,29.10000038,63
1019,Sud,Industriel,Compliant,1,1.0,2,31000,74.19999695,46
1020,Sud,Bureau,Compliant,2,1.0,1,29740,48.90000153,55
1021,Sud,Supermarché,Compliant,3,1.0,1,23236,18.70000076,62
1022,Sud,Bureau,Compliant,3,1.0,3,38075,50.5,7
1024,Sud,Bureau,Compliant,1,1.0,2,39170,60.0,46
1025,Sud,Autre,Compliant,1,0.0,1,36070,21.60000038,39
1027,Sud,Autre,Compliant,1,1.0,2,20047,5.900000095,53
1030,Sud,Supermarché,Compliant,1,1.0,1,20000,27.89999962,102
1031,Sud,Industriel,Compliant,1,1.0,2,32400,7.599999905,61
1033,Centre,Supermarché,Compliant,2,1.0,1,25159,344.1000061,54
1035,Centre,Autre,Compliant,4,1.0,1,27247,90.40000153,68
1041,Sud,Supermarché,Compliant,1,1.0,1,26680,7.199999809,61
1042,Sud,Industriel,Compliant,1,1.0,1,31521,56.70000076,63
1043,Sud,Industriel,Compliant,2,1.0,1,24000,52.40000153,65
1044,Sud,Industriel,Compliant,1,1.0,1,21900,60.90000153,64
1046,Sud,Industriel,Compliant,3,1.0,1,38005,19.79999924,55
1047,Sud,Supermarché,Compliant,1,1.0,1,35579,30.79999924,18
1049,Sud,Supermarché,Compliant,1,1.0,1,49950,4.800000191,41
1054,Centre,Autre,Compliant,1,1.0,2,22612,32.29999924,69
1058,Nord,Autre,Compliant,2,1.0,2,38787,82.59999847,40
1059,Nord,Industriel,Compliant,1,2.0,2,50368,15.0,28
1060,Sud,Industriel,Compliant,2,1.0,1,30545,51.59999847,78
1071,Centre,Universitaire,Compliant,1,1.0,3,32691,29.0,94
1073,Centre,Autre,Compliant,1,1.0,2,24227,41.5,53
1081,Sud,Supermarché,Compliant,1,1.0,1,27000,24.10000038,60
1093,Centre,Bureau,Compliant,2,1.0,2,21183,25.89999962,59
1094,Nord,Bureau,Compliant,2,1.0,3,29392,25.70000076,55
1096,Nord,Bureau,Compliant,3,1.0,5,137738,57.20000076,31
1104,Nord,Universitaire,Compliant,1,1.0,3,21118,64.5,28
1105,Nord,Bureau,Compliant,4,1.0,5,206126,32.0,3
1106,Nord,Bureau,Compliant,1,1.0,2,20500,64.69999695,116
1109,Nord,Médical,Compliant,2,1.0,2,34636,337.5,50
1110,Nord,Autre,Compliant,1,1.0,2,25521,23.70000076,86
1111,Nord,Universitaire,Compliant,1,1.0,1,23190,73.5,30
1115,Nord,Bureau,Compliant,1,1.0,1,20678,33.29999924,56
1116,Nord,Universitaire,Compliant,1,1.0,3,28820,76.80000305,94
1119,Sud,Autre,Compliant,1,1.0,2,27876,40.79999924,62
1123,Sud,Médical,Compliant,2,1.0,2,48882,161.8000031,50
1124,Sud,Industriel,Compliant,1,1.0,1,22320,19.70000076,39
1125,Sud,Autre,Compliant,1,1.0,1,47105,225.8000031,40
1126,Sud,Bureau,Compliant,2,1.0,2,40029,36.79999924,34
1127,Sud,Bureau,Compliant,1,1.0,2,28304,46.70000076,46
1128,Sud,Autre,Compliant,2,1.0,1,26400,16.29999924,46
1129,Sud,Industriel,Compliant,2,1.0,1,27680,64.19999695,48
1130,Sud,Bureau,Compliant,2,1.0,2,25872,69.09999847,47
1131,Sud,Bureau,Compliant,1,1.0,2,25872,96.0,47
1132,Sud,Industriel,Compliant,1,1.0,1,20500,10.39999962,47
1133,Nord,Bureau,Compliant,1,1.0,2,21436,24.89999962,58
1134,Nord,Autre,Compliant,3,1.0,1,20233,31.10000038,18
1136,Nord,Bureau,Compliant,4,1.0,4,39926,36.70000076,10
1139,Nord,Bureau,Compliant,2,1.0,3,31417,42.79999924,31
1142,Centre,Industriel,Compliant,1,1.0,6,46580,15.19999981,88
1144,Centre,Supermarché,Compliant,1,1.0,2,25920,18.5,100
1146,Centre,Supermarché,Compliant,1,1.0,2,25920,26.0,97
1147,Centre,Détente,Compliant,1,1.0,8,61721,52.20000076,106
1150,Centre,Bureau,Compliant,1,1.0,2,25920,74.80000305,97
1154,Centre,Bureau,Compliant,1,1.0,4,39760,62.29999924,91
1155,Centre,Autre,Compliant,1,1.0,3,30971,91.19999695,96
1156,Centre,Bureau,Compliant,1,1.0,3,22667,166.1999969,70
1158,Nord,Industriel,Compliant,3,1.0,2,33840,65.80000305,89
1159,Nord,Autre,Compliant,5,5.0,3,41827,100.3000031,15
1161,Nord,Bureau,Compliant,3,1.0,5,33740,52.29999924,15
1162,Nord,Supermarché,Compliant,2,1.0,2,20516,56.29999924,105
1163,Nord,Supermarché,Compliant,2,1.0,3,27480,39.29999924,110
1165,Nord,Autre,Compliant,4,1.0,1,46958,38.70000076,69
1166,Nord,Supermarché,Compliant,1,1.0,1,26532,72.90000153,32
1167,Nord,Bureau,Compliant,2,1.0,2,22388,25.70000076,35
1168,Nord,Autre,Compliant,1,1.0,1,30730,99.30000305,47
1169,Nord,Bureau,Compliant,2,1.0,2,35600,59.0,30
1171,Nord,Autre,Compliant,2,1.0,3,62000,28.89999962,67
1172,Nord,Bureau,Compliant,1,1.0,2,23600,32.90000153,35
1174,Nord,Bureau,Compliant,1,1.0,3,40067,57.5,30
1175,Nord,Bureau,Compliant,1,1.0,3,26419,40.70000076,27
1176,Nord,Bureau,Compliant,1,1.0,3,25262,58.20000076,37
1177,Nord,Autre,Compliant,1,0.0,3,53103,126.0,20
1178,Nord,Bureau,Compliant,1,1.0,3,34106,49.5,36
1179,Nord,Bureau,Compliant,1,1.0,3,34545,67.0,36
1180,Nord,Bureau,Compliant,1,1.0,3,70296,39.59999847,36
1181,Centre,Bureau,Compliant,1,1.0,4,27838,43.70000076,114
1182,Sud,Supermarché,Compliant,2,2.0,2,28368,41.5,45
1189,Nord,Autre,Compliant,1,1.0,2,92080,56.0,52
1191,Nord,Autre,Compliant,1,1.0,1,20236,97.09999847,55
1192,Nord,Bureau,Compliant,2,1.0,2,39815,51.5,65
1194,Nord,Autre,Compliant,1,1.0,4,25557,89.19999695,46
1195,Nord,Autre,Compliant,2,1.0,2,26994,114.0,58
1196,Nord,Industriel,Compliant,1,1.0,1,48112,30.89999962,44
1197,Nord,Autre,Compliant,2,1.0,1,20909,63.40000153,7
1198,Nord,Bureau,Compliant,2,1.0,2,42793,67.40000153,15
1201,Nord,Autre,Compliant,1,1.0,2,45000,131.3999939,9
1203,Nord,Supermarché,Compliant,1,1.0,1,26115,64.69999695,18
1205,Nord,Autre,Compliant,2,1.0,1,26033,38.20000076,67
1207,Centre,Universitaire,Compliant,1,1.0,4,48660,38.0,9
1208,Nord,Médical,Compliant,1,1.0,2,46539,116.0,46
1210,Centre,Universitaire,Compliant,1,1.0,4,29796,75.0,107
1211,Centre,Supermarché,Compliant,3,1.0,2,26400,45.5,96
1212,Centre,Bureau,Compliant,2,1.0,3,38148,25.10000038,98
1214,Centre,Autre,Compliant,2,1.0,2,28800,15.89999962,88
1215,Centre,Autre,Compliant,2,1.0,5,31945,56.5,61
1220,Centre,Bureau,Compliant,2,1.0,5,85963,84.69999695,31
1226,Centre,Supermarché,Compliant,1,1.0,4,34680,33.70000076,116
1227,Centre,Autre,Compliant,1,1.0,3,75058,74.40000153,48
1229,Centre,Bureau,Non-Compliant,1,1.0,3,57720,1.0,113
1230,Centre,Supermarché,Compliant,1,1.0,1,36504,129.6999969,101
1231,Centre,Bureau,Compliant,1,1.0,6,35200,85.19999695,109
1232,Centre,Bureau,Compliant,1,1.0,5,35840,42.90000153,109
1233,Centre,Autre,Compliant,1,1.0,2,25920,57.40000153,75
1234,Centre,Bureau,Compliant,2,1.0,4,30525,132.8000031,88
1237,Centre,Autre,Compliant,1,1.0,4,49243,162.1000061,52
1244,Centre,Autre,Compliant,1,0.0,3,20411,98.69999695,104
1252,Centre,Médical,Compliant,1,1.0,2,30855,136.6000061,54
1253,Centre,Bureau,Compliant,2,1.0,3,73549,38.5,106
1255,Centre,Autre,Compliant,2,1.0,5,45780,236.6999969,28
1256,Centre,Médical,Compliant,1,0.0,3,39115,74.69999695,53
1257,Centre,Autre,Compliant,3,1.0,3,38038,29.5,100
1258,Centre,Autre,Compliant,2,1.0,3,37796,46.5,54
1262,Nord,Bureau,Compliant,3,1.0,1,27744,193.0,23
1263,Nord,Industriel,Compliant,1,1.0,1,36444,4.400000095,56
1264,Nord,Industriel,Compliant,1,1.0,1,27553,35.09999847,66
1265,Nord,Supermarché,Compliant,1,3.0,1,57310,21.89999962,65
1266,Centre,Autre,Compliant,5,1.0,2,25920,38.20000076,96
1267,Centre,Détente,Compliant,1,1.0,3,40686,51.79999924,97
1268,Centre,Supermarché,Compliant,1,1.0,2,45271,56.40000153,52
1269,Centre,Bureau,Compliant,1,1.0,3,28380,48.40000153,96
1270,Centre,Bureau,Compliant,3,1.0,5,508160,82.09999847,7
1271,Centre,Bureau,Compliant,1,1.0,3,26176,40.70000076,90
1272,Centre,Bureau,Compliant,2,1.0,1,37740,198.6000061,90
1273,Centre,Autre,Compliant,1,1.0,1,26000,105.9000015,55
1275,Centre,Autre,Compliant,1,1.0,3,23241,31.79999924,7
1276,Centre,Autre,Compliant,1,1.0,1,155795,113.4000015,54
1277,Centre,Autre,Compliant,1,1.0,1,21018,83.80000305,14
1278,Centre,Autre,Compliant,1,1.0,1,30533,206.1999969,18
1279,Centre,Autre,Compliant,1,1.0,2,33971,353.7000122,55
1280,Centre,Autre,Compliant,1,1.0,2,40600,56.40000153,24
1281,Centre,Bureau,Compliant,2,1.0,4,38038,52.70000076,17
1282,Centre,Bureau,Compliant,2,1.0,4,64596,60.70000076,9
1283,Centre,Bureau,Compliant,3,1.0,3,41466,227.5,88
1285,Centre,Bureau,Compliant,4,1.0,6,130710,56.79999924,3
1286,Centre,Bureau,Compliant,3,1.0,4,35780,62.59999847,90
1288,Centre,Autre,Compliant,3,1.0,4,25132,55.59999847,52
1291,Centre,Autre,Compliant,1,1.0,1,49680,57.29999924,50
1292,Centre,Autre,Compliant,1,1.0,1,36314,50.5,54
1293,Centre,Autre,Compliant,3,1.0,2,25920,62.09999847,100
1294,Centre,Bureau,Compliant,2,1.0,4,47686,60.90000153,97
1295,Centre,Autre,Non-Compliant,1,1.0,3,49760,1.799999952,116
1302,Centre,Bureau,Compliant,3,1.0,6,40715,69.5,101
1306,Centre,Autre,Compliant,3,1.0,4,82065,41.29999924,26
1308,Centre,Bureau,Compliant,1,1.0,4,36160,51.5,106
1309,Centre,Autre,Compliant,8,1.0,1,34617,148.3999939,98
1314,Centre,Bureau,Compliant,1,1.0,5,66900,24.0,107
1315,Centre,Autre,Compliant,3,1.0,3,29340,79.59999847,106
1317,Centre,Autre,Compliant,1,0.0,2,22710,12.69999981,86
1320,Centre,Bureau,Compliant,2,1.0,3,50499,86.69999695,16
1321,Centre,Bureau,Compliant,2,1.0,5,54465,62.09999847,52
1322,Centre,Universitaire,Compliant,1,1.0,2,45960,90.69999695,86
1326,Centre,Bureau,Compliant,1,1.0,2,21128,20.70000076,57
1328,Centre,Autre,Compliant,4,1.0,4,274442,54.20000076,8
1329,Centre,Bureau,Compliant,2,1.0,3,51552,28.10000038,3
1330,Centre,Détente,Compliant,1,1.0,4,38520,72.80000305,57
1331,Centre,Détente,Compliant,1,1.0,3,29186,45.59999847,55
1333,Centre,Autre,Compliant,1,1.0,1,27338,21.29999924,56
1335,Centre,Autre,Compliant,2,1.0,2,85750,102.3000031,17
1337,Centre,Médical,Compliant,3,1.0,2,34416,349.1000061,54
1338,Centre,Bureau,Compliant,1,1.0,3,45864,56.5,86
1340,Nord,Universitaire,Compliant,1,1.0,2,49252,57.09999847,17
1351,Centre,Bureau,Compliant,2,1.0,3,33176,43.0,29
1352,Centre,Supermarché,Compliant,3,1.0,3,25194,87.69999695,23
1359,Sud,Autre,Compliant,1,1.0,99,21948,14.89999962,39
1360,Centre,Autre,Compliant,2,1.0,3,31191,188.3999939,89
1362,Nord,Autre,Compliant,3,1.0,1,37377,85.40000153,69
1364,Sud,Industriel,Compliant,3,1.0,1,29380,29.10000038,39
1373,Centre,Autre,Compliant,1,1.0,2,22688,14.60000038,94
1391,Sud,Autre,Compliant,2,1.0,2,22364,65.59999847,54
1392,Sud,Bureau,Compliant,1,1.0,2,41262,46.70000076,34
1405,Centre,Bureau,Compliant,2,1.0,2,43183,194.6000061,63
1408,Nord,Autre,Compliant,1,1.0,3,45680,45.5,108
1418,Centre,Médical,Compliant,1,1.0,14,724148,52.09999847,10
1422,Sud,Autre,Compliant,2,1.0,1,23562,15.89999962,59
1425,Nord,Bureau,Compliant,2,1.0,4,28844,44.40000153,17
1429,Sud,Industriel,Compliant,2,1.0,1,21101,32.0,27
1430,Sud,Industriel,Compliant,1,1.0,2,45594,29.60000038,102
1431,Sud,Autre,Compliant,1,1.0,1,26660,84.09999847,66
1432,Sud,Industriel,Compliant,2,1.0,1,28126,31.0,41
1433,Sud,Industriel,Compliant,1,1.0,1,35000,10.80000019,52
1434,Sud,Industriel,Compliant,1,1.0,1,26150,46.20000076,54
1435,Sud,Bureau,Compliant,1,1.0,2,24000,45.40000153,49
1436,Centre,Universitaire,Compliant,1,1.0,5,43594,60.70000076,48
1442,Nord,Supermarché,Compliant,2,1.0,1,28080,28.29999924,104
1456,Nord,Médical,Compliant,1,1.0,2,51298,110.1999969,62
1458,Nord,Autre,Compliant,2,1.0,1,22047,11.60000038,54
1462,Sud,Industriel,Compliant,1,1.0,1,31600,106.4000015,37
1463,Sud,Industriel,Compliant,1,1.0,1,35289,24.79999924,9
1464,Sud,Industriel,Compliant,1,1.0,1,28920,58.29999924,35
1465,Sud,Industriel,Compliant,1,1.0,1,22176,33.20000076,38
1468,Nord,Bureau,Compliant,2,1.0,3,39927,90.19999695,42
1469,Nord,Autre,Compliant,2,1.0,1,30610,140.3000031,37
1470,Nord,Médical,Compliant,1,1.0,2,26930,37.20000076,36
1471,Nord,Médical,Compliant,2,1.0,2,38745,44.40000153,48
1472,Nord,Industriel,Compliant,1,1.0,2,20296,42.20000076,57
1473,Nord,Autre,Compliant,4,1.0,2,22135,55.0,71
1474,Nord,Médical,Compliant,2,1.0,3,38378,46.90000153,49
1475,Nord,Industriel,Compliant,1,1.0,2,33576,38.0,36
1476,Nord,Supermarché,Compliant,2,1.0,1,33005,304.2000122,41
1481,Centre,Autre,Compliant,4,1.0,1,20971,33.29999924,35
1486,Centre,Bureau,Compliant,2,1.0,3,23910,36.5,89
1488,Nord,Autre,Compliant,1,1.0,2,21765,19.79999924,106
1496,Centre,Autre,Compliant,1,1.0,2,26560,65.90000153,115
1497,Nord,Industriel,Compliant,1,1.0,2,20140,5.800000191,59
1508,Sud,Supermarché,Compliant,2,1.0,2,38845,178.1000061,24
1509,Sud,Supermarché,Compliant,2,1.0,1,26092,293.7000122,63
1512,Sud,Bureau,Compliant,1,1.0,1,25500,47.59999847,49
1513,Sud,Industriel,Compliant,2,1.0,1,41895,31.0,55
1514,Sud,Supermarché,Compliant,1,1.0,2,56193,44.5,58
1518,Nord,Universitaire,Compliant,1,1.0,3,35448,38.90000153,94
1519,Nord,Supermarché,Compliant,1,1.0,1,29214,319.6000061,50
1522,Nord,Supermarché,Compliant,2,1.0,1,89103,298.2999878,16
1523,Nord,Autre,Compliant,2,1.0,1,32000,38.5,55
1524,Nord,Autre,Compliant,3,1.0,2,31140,30.0,106
1525,Nord,Industriel,Compliant,2,1.0,3,41478,73.19999695,41
1526,Nord,Industriel,Compliant,1,1.0,1,39840,18.89999962,36
1534,Nord,Autre,Compliant,2,1.0,1,30576,84.69999695,12
1537,Nord,Autre,Compliant,1,1.0,2,21528,14.30000019,92
1538,Nord,Autre,Compliant,2,1.0,2,30000,42.40000153,88
1557,Nord,Autre,Compliant,1,1.0,2,30087,172.6000061,74
1558,Nord,Autre,Compliant,1,1.0,1,40445,19.39999962,41
1559,Nord,Supermarché,Compliant,1,1.0,1,23500,48.40000153,20
1560,Nord,Supermarché,Compliant,1,1.0,1,22420,60.90000153,49
1563,Nord,Supermarché,Compliant,1,1.0,1,25842,327.7999878,55
1565,Nord,Bureau,Compliant,2,1.0,3,26389,45.79999924,24
1566,Nord,Bureau,Compliant,2,1.0,3,25859,33.20000076,34
1567,Nord,Industriel,Compliant,2,1.0,1,25600,67.59999847,42
1568,Nord,Autre,Compliant,1,1.0,1,23169,21.79999924,51
1569,Nord,Bureau,Compliant,2,1.0,4,41784,38.79999924,8
1570,Nord,Industriel,Compliant,1,1.0,1,56884,24.39999962,56
1573,Nord,Supermarché,Compliant,1,1.0,1,32810,61.5,27
1576,Nord,Industriel,Compliant,1,1.0,3,30989,3.200000048,36
1577,Nord,Industriel,Compliant,1,1.0,3,39952,1.399999976,101
1581,Nord,Bureau,Compliant,1,1.0,2,20022,31.60000038,55
1582,Nord,Supermarché,Compliant,2,1.0,2,36498,14.69999981,56
1583,Nord,Supermarché,Compliant,2,1.0,1,35946,13.10000038,48
1584,Nord,Bureau,Compliant,2,1.0,4,30152,33.59999847,9
1585,Nord,Bureau,Compliant,1,1.0,4,22365,33.59999847,37
1586,Nord,Bureau,Compliant,1,1.0,4,30172,30.0,22
1590,Nord,Industriel,Compliant,2,1.0,4,42500,5.099999905,89
1591,Nord,Bureau,Compliant,3,1.0,4,23032,52.90000153,115
1593,Nord,Autre,Compliant,2,1.0,3,45750,169.0,116
1595,Nord,Bureau,Compliant,1,1.0,2,23500,71.80000305,48
1596,Nord,Bureau,Compliant,1,1.0,1,22282,26.0,50
1597,Nord,Industriel,Compliant,1,1.0,2,24000,21.0,114
1599,Nord,Autre,Compliant,4,1.0,3,27085,73.69999695,107
1606,Nord,Autre,Compliant,3,0.0,2,29258,233.5,20
1607,Nord,Bureau,Compliant,1,1.0,2,37500,59.59999847,85
1609,Nord,Universitaire,Compliant,1,1.0,3,23983,48.5,86
1610,Sud,Supermarché,Compliant,2,1.0,1,24100,34.29999924,36
1611,Sud,Autre,Non-Compliant,1,1.0,1,23772,4.199999809,45
1613,Nord,Universitaire,Compliant,1,3.0,2,31343,74.69999695,12
1619,Nord,Autre,Compliant,3,1.0,3,55912,74.09999847,20
1620,Nord,Autre,Compliant,2,1.0,2,20294,85.5,59
1621,Nord,Bureau,Compliant,1,1.0,4,40571,53.59999847,33
1622,Nord,Bureau,Compliant,2,1.0,4,41707,42.09999847,33
1623,Nord,Autre,Compliant,3,1.0,2,57644,39.70000076,56
1624,Nord,Industriel,Compliant,2,1.0,2,39497,43.0,61
1634,Centre,Autre,Compliant,1,1.0,1,33087,66.0,84
1637,Nord,Bureau,Compliant,1,1.0,2,27574,43.90000153,34
1643,Nord,Médical,Compliant,2,1.0,5,43661,90.19999695,18
1648,Nord,Bureau,Compliant,1,1.0,3,76105,32.5,29
1653,Nord,Autre,Compliant,3,1.0,2,32009,53.59999847,64
1657,Nord,Médical,Compliant,1,1.0,3,28841,50.59999847,28
1658,Nord,Industriel,Compliant,3,2.0,2,33344,3.799999952,39
1659,Nord,Autre,Compliant,1,2.0,1,30498,79.90000153,11
1664,Sud,Universitaire,Compliant,1,1.0,2,42975,44.79999924,92
1666,Sud,Autre,Compliant,2,1.0,1,23260,69.30000305,53
1668,Sud,Bureau,Compliant,3,1.0,2,30659,72.40000153,28
1669,Centre,Autre,Compliant,1,1.0,2,27144,37.29999924,96
1671,Nord,Médical,Compliant,2,1.0,2,34759,36.59999847,37
1672,Nord,Médical,Compliant,2,8.0,1,415632,204.6999969,50
1675,Nord,Autre,Compliant,3,1.0,2,44719,33.70000076,51
1678,Sud,Supermarché,Compliant,1,1.0,1,21603,270.0,51
1690,Centre,Médical,Compliant,4,1.0,3,591981,173.3999939,52
1691,Sud,Supermarché,Compliant,1,1.0,1,42900,10.10000038,37
1693,Sud,Autre,Compliant,2,1.0,1,26232,118.0,45
1698,Centre,Industriel,Compliant,1,1.0,2,25840,12.10000038,60
1699,Centre,Bureau,Compliant,1,1.0,1,45145,29.0,28
1701,Centre,Bureau,Compliant,2,1.0,5,70332,44.59999847,15
1726,Nord,Supermarché,Compliant,2,1.0,1,45522,269.1000061,22
1727,Nord,Supermarché,Compliant,3,1.0,2,20088,16.70000076,37
1733,Sud,Bureau,Compliant,2,1.0,2,40657,69.5,19
1734,Sud,Industriel,Compliant,2,1.0,1,20200,13.30000019,116
1745,Centre,Universitaire,Compliant,1,1.0,1,44086,82.80000305,112
1746,Centre,Bureau,Compliant,2,1.0,7,54372,25.79999924,46
1753,Centre,Autre,Compliant,2,1.0,1,47699,309.0,65
1754,Centre,Médical,Compliant,2,1.0,0,274568,111.0,71
1755,Centre,Bureau,Compliant,1,1.0,3,21282,63.40000153,60
1757,Sud,Autre,Compliant,1,1.0,2,41022,92.30000305,95
1760,Sud,Autre,Compliant,1,1.0,2,28109,128.5,50
1762,Nord,Bureau,Compliant,2,1.0,3,33580,19.89999962,31
1766,Nord,Industriel,Compliant,1,1.0,1,21936,5.199999809,39
1767,Nord,Autre,Compliant,1,1.0,1,30160,34.70000076,47
1773,Centre,Autre,Compliant,5,1.0,11,111137,96.40000153,107
1777,Sud,Autre,Compliant,3,1.0,1,40189,40.29999924,19
1778,Sud,Bureau,Compliant,3,1.0,2,66484,39.90000153,28
1779,Centre,Bureau,Compliant,1,1.0,3,25151,56.20000076,57
1780,Centre,Détente,Compliant,1,1.0,6,35770,73.80000305,88
1782,Centre,Détente,Compliant,1,1.0,9,48006,67.5,88
1783,Centre,Autre,Compliant,3,1.0,2,29631,151.3000031,56
1784,Centre,Bureau,Compliant,3,1.0,2,23472,71.59999847,27
1785,Centre,Bureau,Compliant,1,1.0,2,21315,136.8999939,43
1806,Centre,Bureau,Compliant,2,1.0,4,57110,59.40000153,32
1811,Centre,Bureau,Compliant,1,1.0,3,34030,51.40000153,37
1817,Sud,Détente,Compliant,2,1.0,2,20398,456.6000061,114
1818,Sud,Supermarché,Compliant,1,1.0,1,41308,39.79999924,64
1839,Centre,Autre,Compliant,4,1.0,3,43878,23.39999962,103
1840,Centre,Autre,Compliant,1,1.0,3,34976,25.0,104
1861,Nord,Industriel,Compliant,1,1.0,1,38255,25.79999924,59
1870,Nord,Bureau,Compliant,2,1.0,3,48924,72.90000153,27
1875,Centre,Bureau,Compliant,1,1.0,4,50333,31.79999924,57
1876,Centre,Bureau,Compliant,2,1.0,4,57432,73.80000305,30
1877,Centre,Bureau,Compliant,2,1.0,3,25912,38.5,47
1878,Centre,Bureau,Compliant,2,1.0,3,57132,59.20000076,16
1884,Sud,Autre,Compliant,2,1.0,2,24224,40.0,59
1885,Sud,Autre,Compliant,1,1.0,1,23706,16.89999962,53
1887,Sud,Industriel,Compliant,2,1.0,1,31900,61.40000153,53
1889,Sud,Autre,Compliant,1,1.0,1,49066,78.30000305,99
1890,Sud,Autre,Compliant,2,1.0,3,30740,42.20000076,64
1893,Sud,Supermarché,Compliant,1,1.0,1,67450,66.5,57
1897,Nord,Industriel,Compliant,1,1.0,1,46970,18.79999924,68
1898,Centre,Industriel,Compliant,5,1.0,1,47554,33.29999924,85
1899,Centre,Bureau,Compliant,1,1.0,2,43016,28.70000076,37
1900,Centre,Autre,Compliant,4,1.0,1,24196,43.59999847,85
1901,Centre,Bureau,Compliant,1,1.0,2,20671,30.89999962,76
1903,Sud,Industriel,Compliant,1,1.0,1,21600,23.10000038,89
1907,Sud,Autre,Compliant,1,1.0,1,35844,24.20000076,39
1908,Nord,Bureau,Compliant,3,1.0,3,31774,48.40000153,100
1922,Sud,Industriel,Compliant,1,1.0,1,26094,27.20000076,63
1923,Sud,Bureau,Compliant,1,1.0,2,23687,45.79999924,33
1924,Sud,Bureau,Compliant,1,1.0,2,24221,59.29999924,33
1925,Centre,Autre,Compliant,3,1.0,2,71919,93.40000153,116
1926,Centre,Bureau,Compliant,2,1.0,2,32027,124.9000015,116
1927,Centre,Bureau,Compliant,2,1.0,3,32160,56.20000076,110
1928,Centre,Autre,Compliant,2,1.0,3,47836,81.69999695,24
1929,Sud,Bureau,Compliant,2,1.0,3,34425,40.40000153,102
1934,Sud,Médical,Compliant,2,1.0,3,40304,97.59999847,32
1939,Sud,Supermarché,Compliant,2,1.0,1,29619,43.20000076,26
1941,Centre,Universitaire,Compliant,1,1.0,2,21592,69.19999695,94
1943,Nord,Universitaire,Compliant,1,1.0,2,23923,33.70000076,85
1944,Centre,Bureau,Compliant,2,1.0,3,25200,72.90000153,109
1945,Centre,Bureau,Non-Compliant,1,1.0,1,45068,6.300000191,69
1946,Centre,Bureau,Compliant,1,1.0,2,28296,49.40000153,53
1949,Centre,Bureau,Compliant,3,1.0,3,31357,64.40000153,17
1950,Sud,Supermarché,Compliant,1,1.0,1,160000,7.199999809,48
1951,Sud,Industriel,Compliant,1,1.0,1,53550,85.69999695,56
1952,Sud,Industriel,Compliant,2,1.0,1,38412,40.70000076,92
1953,Sud,Industriel,Compliant,1,1.0,1,25881,21.10000038,86
1960,Sud,Bureau,Compliant,1,1.0,1,24291,27.29999924,63
1961,Sud,Industriel,Compliant,1,1.0,1,36544,34.70000076,50
1963,Sud,Industriel,Compliant,1,1.0,1,20796,63.70000076,67
1964,Sud,Supermarché,Compliant,2,1.0,1,21349,30.89999962,69
1965,Sud,Industriel,Compliant,1,1.0,1,38630,10.80000019,80
1966,Sud,Industriel,Compliant,2,1.0,1,20724,88.40000153,66
1967,Sud,Autre,Compliant,2,1.0,1,24109,196.8999939,56
1968,Sud,Industriel,Compliant,2,1.0,1,25375,158.3999939,61
1969,Sud,Industriel,Compliant,2,1.0,1,22803,33.5,31
1970,Sud,Autre,Compliant,2,1.0,1,23100,187.1999969,31
1971,Sud,Industriel,Compliant,1,1.0,1,41550,15.5,65
1972,Sud,Autre,Compliant,1,1.0,2,54170,107.1999969,22
1974,Sud,Universitaire,Compliant,1,1.0,2,42252,52.20000076,104
1975,Sud,Industriel,Compliant,1,1.0,1,23100,37.09999847,61
1976,Sud,Autre,Compliant,2,1.0,3,22895,19.20000076,35
1988,Nord,Industriel,Compliant,1,1.0,6,48179,16.5,10
1991,Centre,Industriel,Compliant,1,1.0,1,52325,15.5,79
1992,Centre,Autre,Compliant,1,1.0,4,20600,13.10000038,96
1994,Sud,Supermarché,Compliant,1,1.0,1,25880,6.300000191,72
1995,Sud,Industriel,Compliant,2,1.0,1,45842,11.39999962,56
1996,Sud,Autre,Compliant,1,1.0,1,31365,20.79999924,44
1997,Sud,Autre,Compliant,1,1.0,1,32100,23.60000038,106
1998,Sud,Industriel,Compliant,2,1.0,1,20520,56.90000153,50
1999,Sud,Industriel,Compliant,1,1.0,1,22972,21.60000038,71
2000,Sud,Industriel,Compliant,2,1.0,1,24990,16.20000076,63
2001,Sud,Supermarché,Compliant,2,1.0,2,24000,47.79999924,65
2002,Sud,Industriel,Compliant,2,1.0,1,100386,36.09999847,53
2003,Sud,Supermarché,Compliant,2,1.0,1,24354,30.20000076,50
2004,Sud,Supermarché,Compliant,2,1.0,1,33600,25.20000076,57
2005,Sud,Autre,Compliant,1,1.0,1,20819,81.40000153,42
2006,Sud,Industriel,Compliant,2,1.0,1,23296,61.40000153,49
2007,Sud,Autre,Compliant,4,1.0,1,35222,51.40000153,62
2008,Sud,Industriel,Compliant,1,1.0,1,25520,63.90000153,59
2019,Sud,Autre,Compliant,1,1.0,1,25460,101.5,64
2024,Nord,Bureau,Compliant,1,1.0,2,24291,37.90000153,42
2025,Nord,Supermarché,Compliant,1,1.0,2,20738,25.39999962,58
2027,Nord,Autre,Compliant,2,1.0,4,30948,39.20000076,16
2029,Nord,Médical,Compliant,1,1.0,2,28385,129.0,30
2034,Sud,Industriel,Compliant,2,1.0,1,21755,42.09999847,38
2035,Sud,Autre,Compliant,1,1.0,1,27933,219.3999939,56
2036,Sud,Bureau,Compliant,2,1.0,1,23143,49.29999924,33
2037,Sud,Bureau,Compliant,2,1.0,1,28800,58.29999924,54
2038,Sud,Industriel,Compliant,1,1.0,1,39600,10.19999981,64
2039,Sud,Industriel,Compliant,1,1.0,1,39600,11.80000019,64
2040,Sud,Supermarché,Compliant,1,1.0,1,41248,26.79999924,79
2041,Sud,Autre,Compliant,2,1.0,1,36400,43.09999847,7
2043,Sud,Autre,Compliant,1,1.0,1,31332,114.0,96
2045,Sud,Autre,Compliant,1,1.0,2,35864,34.20000076,68
2049,Sud,Autre,Compliant,1,1.0,1,20484,40.20000076,62
2050,Nord,Médical,Compliant,1,1.0,4,45264,85.09999847,32
2051,Nord,Médical,Compliant,1,2.0,4,36932,102.1999969,29
2053,Centre,Autre,Compliant,1,1.0,4,45082,94.5,43
2054,Nord,Autre,Compliant,1,0.0,2,41600,28.70000076,65
2056,Centre,Bureau,Compliant,1,1.0,2,34110,75.19999695,56
2066,Sud,Industriel,Compliant,2,1.0,1,23750,25.0,46
2067,Sud,Industriel,Compliant,2,1.0,1,43390,12.30000019,46
2068,Sud,Industriel,Compliant,1,1.0,1,35400,11.89999962,57
2069,Sud,Supermarché,Compliant,2,1.0,1,28144,30.39999962,50
2070,Sud,Industriel,Compliant,2,1.0,3,71283,34.90000153,100
2071,Sud,Industriel,Compliant,2,1.0,1,23792,119.9000015,27
2072,Sud,Bureau,Compliant,2,1.0,2,47368,22.0,37
2073,Sud,Autre,Compliant,3,1.0,1,46183,40.90000153,85
2074,Centre,Bureau,Compliant,2,1.0,5,72613,52.20000076,32
2078,Sud,Médical,Compliant,2,1.0,2,38352,76.69999695,26
2080,Sud,Autre,Compliant,3,1.0,1,28425,75.19999695,21
2084,Nord,Autre,Compliant,1,1.0,3,35115,54.79999924,7
2086,Nord,Autre,Compliant,5,1.0,1,66704,9.0,44
2087,Nord,Industriel,Compliant,2,1.0,1,25658,41.5,47
2092,Centre,Bureau,Compliant,2,1.0,2,36000,29.10000038,109
2095,Centre,Autre,Compliant,2,1.0,1,36000,64.59999847,103
2096,Centre,Industriel,Compliant,1,1.0,2,43200,44.70000076,101
2097,Centre,Bureau,Compliant,2,1.0,4,53840,68.0,103
2098,Sud,Supermarché,Compliant,2,1.0,1,43794,26.60000038,41
2099,Sud,Industriel,Compliant,2,1.0,1,48280,56.0,48
2100,Sud,Supermarché,Compliant,2,1.0,1,36040,10.10000038,62
2101,Nord,Supermarché,Compliant,2,1.0,1,32822,252.3000031,51
2104,Nord,Autre,Compliant,1,1.0,2,20385,39.70000076,66
2105,Nord,Autre,Compliant,1,1.0,1,24295,8.899999619,70
2106,Nord,Bureau,Compliant,1,1.0,2,20317,30.60000038,49
2109,Nord,Supermarché,Compliant,1,1.0,1,24377,404.1000061,43
2114,Nord,Autre,Compliant,1,1.0,1,33392,83.5,30
2115,Nord,Supermarché,Compliant,1,0.0,1,45155,147.8000031,30
2119,Sud,Industriel,Compliant,1,1.0,1,32000,68.19999695,50
2120,Sud,Industriel,Compliant,1,1.0,1,44000,94.69999695,46
2121,Sud,Industriel,Compliant,1,1.0,1,36000,77.0,43
2122,Sud,Industriel,Compliant,2,1.0,1,31360,43.59999847,37
2123,Sud,Industriel,Compliant,2,1.0,1,33320,70.0,37
2124,Sud,Industriel,Compliant,1,1.0,1,48020,49.70000076,37
2125,Sud,Industriel,Compliant,1,1.0,1,27420,42.20000076,37
2129,Centre,Universitaire,Non-Compliant,1,1.0,2,24152,6.699999809,87
2131,Nord,Universitaire,Compliant,1,1.0,2,43645,55.5,67
2133,Nord,Supermarché,Compliant,1,1.0,1,26853,68.69999695,64
2134,Centre,Autre,Compliant,1,1.0,4,44775,21.20000076,107
2138,Sud,Autre,Compliant,4,2.0,1,27760,75.09999847,100
2139,Sud,Autre,Compliant,3,1.0,1,20975,16.70000076,79
2140,Sud,Autre,Compliant,1,1.0,1,26075,61.70000076,98
2141,Sud,Industriel,Compliant,2,1.0,1,29394,32.09999847,24
2143,Sud,Industriel,Compliant,2,1.0,2,20400,21.5,90
2144,Sud,Bureau,Compliant,1,1.0,1,20460,44.20000076,90
2145,Sud,Industriel,Compliant,1,1.0,2,25821,8.100000381,91
2146,Sud,Industriel,Compliant,1,1.0,2,21870,49.09999847,61
2147,Sud,Industriel,Compliant,1,3.0,1,51664,68.30000305,28
2148,Sud,Médical,Compliant,1,1.0,1,43615,71.90000153,46
2149,Sud,Bureau,Compliant,1,1.0,3,36879,67.90000153,46
2150,Sud,Autre,Compliant,2,1.0,2,28531,123.5,14
2151,Sud,Industriel,Compliant,1,1.0,2,36600,7.099999905,34
2152,Sud,Autre,Compliant,2,1.0,5,35176,35.0,12
2157,Nord,Universitaire,Compliant,2,1.0,2,41293,68.59999847,76
2159,Sud,Industriel,Compliant,2,1.0,1,48890,43.0,75
2160,Sud,Bureau,Compliant,1,1.0,3,43473,101.5999985,16
2162,Sud,Supermarché,Compliant,1,1.0,1,40265,91.69999695,26
2163,Sud,Supermarché,Compliant,1,1.0,1,26208,49.59999847,11
2166,Sud,Autre,Compliant,6,0.0,2,27227,204.8000031,41
2167,Nord,Autre,Compliant,6,1.0,1,42172,77.30000305,90
2168,Centre,Bureau,Compliant,1,1.0,5,32250,24.70000076,106
2170,Nord,Supermarché,Compliant,1,1.0,1,51000,25.5,63
2182,Sud,Autre,Compliant,3,1.0,1,27000,8.5,100
2183,Sud,Autre,Compliant,3,1.0,2,20747,48.29999924,81
2184,Sud,Industriel,Compliant,2,1.0,2,40800,20.0,88
2185,Centre,Bureau,Compliant,1,1.0,2,20150,28.60000038,96
2186,Centre,Bureau,Compliant,1,1.0,7,36000,53.40000153,107
2187,Centre,Industriel,Compliant,3,1.0,2,41276,60.59999847,78
2188,Sud,Industriel,Compliant,2,0.0,2,24430,50.59999847,79
2189,Sud,Autre,Non-Compliant,2,1.0,3,27690,0.699999988,106
2190,Sud,Bureau,Compliant,1,1.0,1,22580,41.09999847,89
2192,Centre,Industriel,Compliant,1,1.0,1,20000,37.20000076,90
2193,Centre,Industriel,Compliant,2,1.0,1,42000,49.29999924,62
2199,Centre,Industriel,Compliant,2,1.0,1,24248,5.300000191,54
2202,Nord,Médical,Compliant,1,1.0,6,244500,45.09999847,7
2205,Sud,Industriel,Compliant,1,1.0,1,24617,4.699999809,84
2206,Sud,Autre,Compliant,2,1.0,3,127065,76.59999847,7
2207,Sud,Supermarché,Compliant,1,1.0,1,37247,46.90000153,52
2212,Nord,Supermarché,Compliant,1,1.0,1,25384,129.0,23
2214,Sud,Bureau,Compliant,2,0.0,3,49052,34.0,106
2215,Sud,Industriel,Compliant,1,1.0,2,52110,18.29999924,116
2216,Sud,Bureau,Non-Compliant,2,1.0,2,20970,9.800000191,106
2217,Sud,Bureau,Compliant,2,1.0,2,39036,37.09999847,79
2218,Sud,Bureau,Compliant,3,1.0,1,26310,22.79999924,93
2222,Sud,Supermarché,Compliant,2,1.0,1,37883,232.1999969,50
2225,Sud,Universitaire,Compliant,1,1.0,3,29874,40.59999847,54
2227,Centre,Autre,Compliant,2,1.0,1,20140,45.09999847,51
2228,Nord,Industriel,Compliant,1,1.0,2,71874,17.29999924,26
2231,Centre,Bureau,Compliant,1,1.0,2,39953,50.09999847,45
2234,Centre,Supermarché,Compliant,2,1.0,2,21200,79.09999847,18
2235,Centre,Supermarché,Compliant,2,1.0,1,30630,196.0,36
2236,Centre,Supermarché,Compliant,2,1.0,2,23421,81.0,36
2240,Nord,Autre,Compliant,1,1.0,2,24120,37.0,88
2241,Nord,Autre,Compliant,2,1.0,3,35736,32.09999847,87
2244,Sud,Industriel,Compliant,1,1.0,1,51050,24.39999962,75
2245,Sud,Supermarché,Compliant,1,1.0,2,21900,59.5,62
2246,Sud,Supermarché,Compliant,1,1.0,1,16300,2.299999952,64
2247,Sud,Industriel,Compliant,1,1.0,1,33462,41.40000153,52
2248,Sud,Autre,Compliant,3,1.0,1,35310,45.59999847,64
2252,Sud,Autre,Compliant,1,1.0,3,36140,134.0,54
2253,Centre,Autre,Compliant,2,1.0,2,47963,275.3999939,25
2254,Centre,Industriel,Compliant,2,1.0,1,23903,18.20000076,86
2255,Nord,Industriel,Compliant,1,1.0,3,22522,24.89999962,69
2256,Nord,Industriel,Compliant,1,1.0,4,38959,23.20000076,20
2259,Sud,Industriel,Compliant,3,1.0,2,25955,46.90000153,88
2278,Nord,Autre,Compliant,1,1.0,2,21936,27.79999924,65
2280,Nord,Autre,Compliant,1,1.0,1,25406,96.09999847,56
2289,Sud,Bureau,Compliant,1,1.0,2,23250,41.09999847,49
2292,Sud,Industriel,Compliant,2,1.0,1,30000,93.19999695,56
2293,Sud,Industriel,Compliant,3,1.0,1,45036,42.70000076,54
2314,Centre,Autre,Compliant,3,1.0,39,1074552,43.0,7
2324,Nord,Universitaire,Compliant,2,1.0,2,122679,159.0,57
2328,Nord,Bureau,Compliant,1,1.0,4,23022,44.59999847,36
2330,Sud,Industriel,Compliant,3,1.0,1,27263,90.80000305,49
2331,Sud,Industriel,Compliant,1,1.0,1,31569,92.80000305,54
2332,Sud,Industriel,Compliant,1,1.0,1,22509,7.900000095,60
2333,Sud,Industriel,Compliant,2,1.0,1,39984,26.79999924,60
2342,Centre,Autre,Compliant,1,1.0,1,26440,27.20000076,110
2357,Centre,Industriel,Compliant,1,1.0,2,28800,39.70000076,60
2359,Centre,Universitaire,Compliant,1,4.0,2,28500,37.40000153,7
2379,Centre,Détente,Compliant,2,1.0,2,26519,140.1999969,38
2380,Centre,Autre,Compliant,3,1.0,2,34639,359.7000122,28
2381,Centre,Autre,Compliant,1,1.0,2,26300,134.5,95
2382,Centre,Détente,Compliant,1,0.0,2,34072,193.3000031,54
2383,Centre,Bureau,Compliant,1,1.0,3,23355,38.40000153,67
2384,Centre,Bureau,Compliant,2,1.0,4,30840,116.4000015,51
2385,Nord,Autre,Compliant,1,1.0,1,20332,19.29999924,70
2392,Centre,Autre,Compliant,1,1.0,1,21850,14.5,116
2394,Nord,Autre,Compliant,4,1.0,4,32282,55.0,19
2398,Centre,Bureau,Compliant,4,1.0,13,307557,40.79999924,33
2402,Nord,Industriel,Compliant,1,1.0,2,28309,15.19999981,98
2403,Centre,Détente,Compliant,1,1.0,4,45500,61.5,102
2404,Centre,Bureau,Compliant,2,1.0,5,38376,65.0,116
2406,Centre,Bureau,Compliant,2,1.0,4,42804,50.29999924,116
2407,Centre,Autre,Compliant,4,0.0,5,57600,138.0,11
2409,Centre,Bureau,Compliant,4,1.0,4,33300,38.70000076,116
2410,Centre,Détente,Non-Compliant,1,1.0,3,25450,19.79999924,116
2411,Centre,Autre,Compliant,1,1.0,3,22200,8.5,116
2412,Centre,Industriel,Compliant,2,1.0,2,29498,130.3999939,48
2413,Nord,Industriel,Compliant,1,1.0,1,23050,20.20000076,78
2414,Nord,Bureau,Compliant,1,1.0,4,48350,72.19999695,8
2415,Nord,Supermarché,Compliant,1,1.0,1,46059,34.40000153,86
2432,Nord,Médical,Compliant,1,1.0,2,23595,34.59999847,46
2438,Centre,Bureau,Compliant,1,1.0,3,28142,30.10000038,116
2439,Centre,Bureau,Compliant,3,1.0,3,28760,107.5,116
2440,Centre,Bureau,Compliant,2,1.0,4,39030,18.39999962,114
2441,Centre,Bureau,Compliant,2,0.0,3,47215,45.5,107
2442,Centre,Autre,Compliant,2,1.0,2,61580,115.8000031,90
2443,Centre,Bureau,Compliant,2,1.0,3,30720,41.90000153,99
2444,Centre,Autre,Compliant,3,1.0,2,20640,19.29999924,100
2445,Centre,Autre,Compliant,3,1.0,2,34914,42.40000153,104
2446,Centre,Bureau,Compliant,3,1.0,3,20897,56.59999847,110
2447,Centre,Supermarché,Compliant,1,1.0,2,36940,9.100000381,100
2448,Centre,Bureau,Compliant,1,1.0,3,22866,50.5,103
2449,Centre,Supermarché,Compliant,2,1.0,1,30240,38.40000153,96
2450,Centre,Autre,Non-Compliant,2,1.0,3,32100,3.400000095,106
2454,Nord,Autre,Compliant,1,1.0,2,28586,187.8999939,54
2457,Centre,Détente,Compliant,2,1.0,3,28800,161.3000031,108
2459,Centre,Détente,Compliant,1,1.0,3,28800,31.20000076,103
2460,Centre,Bureau,Compliant,2,1.0,3,35202,108.0999985,37
2467,Centre,Médical,Compliant,2,1.0,6,95117,104.3000031,47
2469,Centre,Autre,Compliant,1,1.0,2,24600,13.5,106
2471,Centre,Autre,Compliant,3,1.0,1,48850,28.89999962,116
2482,Sud,Médical,Compliant,1,0.0,3,54863,18.60000038,55
2489,Sud,Industriel,Compliant,3,1.0,1,25000,79.59999847,52
2490,Sud,Industriel,Compliant,2,1.0,1,25000,11.5,56
2491,Sud,Autre,Compliant,1,1.0,1,22622,33.70000076,89
2492,Centre,Bureau,Compliant,2,1.0,3,27544,46.09999847,99
2506,Centre,Bureau,Compliant,4,1.0,7,47415,43.40000153,27
2512,Centre,Autre,Compliant,1,1.0,3,22960,98.69999695,55
2514,Centre,Supermarché,Compliant,2,1.0,1,44739,326.0,18
2518,Nord,Autre,Compliant,5,1.0,1,22778,56.5,68
2519,Nord,Autre,Compliant,2,1.0,2,21562,40.40000153,60
2521,Centre,Autre,Compliant,1,1.0,1,25753,53.5,57
2522,Centre,Autre,Compliant,1,1.0,3,71280,319.3999939,88
2524,Centre,Médical,Compliant,3,1.0,16,153312,93.0,53
2530,Centre,Autre,Compliant,4,1.0,19,1206670,54.59999847,7
2535,Sud,Autre,Compliant,2,1.0,1,24200,34.20000076,48
2540,Centre,Universitaire,Compliant,5,1.0,4,23513,81.69999695,35
2547,Sud,Industriel,Compliant,1,1.0,3,66610,9.600000381,22
2548,Sud,Autre,Compliant,2,1.0,1,36000,103.0,66
2559,Nord,Universitaire,Compliant,1,1.0,2,23222,81.30000305,78
2562,Centre,Autre,Compliant,6,1.0,2,24476,111.4000015,92
2564,Centre,Supermarché,Compliant,3,0.0,2,24750,34.70000076,106
2567,Centre,Universitaire,Compliant,1,1.0,3,60000,74.30000305,112
2568,Centre,Autre,Compliant,1,1.0,2,46560,14.80000019,62
2575,Centre,Autre,Compliant,2,1.0,3,30408,57.59999847,36
2579,Centre,Bureau,Compliant,2,1.0,3,30109,51.59999847,96
2583,Centre,Bureau,Compliant,1,1.0,2,25481,36.0,56
2584,Sud,Médical,Compliant,1,1.0,1,141297,137.5,49
2593,Centre,Bureau,Compliant,2,1.0,2,27788,56.59999847,104
2603,Nord,Détente,Compliant,1,1.0,4,41704,46.59999847,26
2606,Sud,Industriel,Compliant,1,1.0,2,22324,28.0,75
2607,Sud,Autre,Compliant,1,1.0,2,31360,53.90000153,70
2608,Sud,Autre,Compliant,3,1.0,1,30496,61.09999847,69
2614,Centre,Bureau,Compliant,2,1.0,3,27600,48.0,94
2623,Nord,Médical,Compliant,1,1.0,2,55974,109.5999985,55
2628,Nord,Médical,Compliant,1,1.0,1,22583,87.69999695,62
2631,Nord,Bureau,Compliant,4,0.0,3,31686,72.80000305,19
2632,Nord,Bureau,Compliant,2,1.0,3,26694,28.89999962,35
2636,Nord,Industriel,Compliant,1,1.0,1,29400,9.100000381,44
2637,Sud,Détente,Compliant,1,1.0,3,22452,55.40000153,24
2642,Nord,Autre,Compliant,1,1.0,2,25767,90.69999695,104
2643,Nord,Supermarché,Compliant,2,1.0,4,33910,62.79999924,63
2644,Nord,Autre,Compliant,4,1.0,2,78401,31.39999962,89
2654,Nord,Industriel,Compliant,4,1.0,2,78716,52.09999847,37
2655,Nord,Universitaire,Compliant,1,1.0,2,33300,51.90000153,106
2656,Nord,Supermarché,Compliant,1,1.0,1,28808,296.2000122,59
2667,Nord,Bureau,Compliant,2,1.0,1,27966,52.5,59
2668,Nord,Supermarché,Compliant,2,1.0,1,26226,293.7999878,66
2671,Nord,Autre,Compliant,2,1.0,2,34948,60.5,40
2680,Centre,Bureau,Compliant,2,1.0,3,37639,221.3999939,18
2683,Centre,Autre,Compliant,5,1.0,1,21420,41.70000076,116
2684,Centre,Bureau,Compliant,1,1.0,1,20880,32.70000076,116
2686,Centre,Autre,Compliant,2,1.0,3,26000,40.90000153,50
2687,Centre,Bureau,Compliant,2,1.0,3,38675,118.4000015,116
2688,Centre,Bureau,Compliant,2,1.0,4,49951,91.59999847,87
2691,Sud,Médical,Compliant,1,1.0,2,25880,75.0,6
2695,Nord,Autre,Compliant,2,1.0,3,41013,31.39999962,89
2697,Nord,Autre,Compliant,2,1.0,2,21075,75.0,12
2699,Nord,Autre,Compliant,1,1.0,3,46485,24.20000076,66
2704,Nord,Bureau,Compliant,2,1.0,4,56896,34.40000153,51
2706,Nord,Autre,Compliant,1,1.0,2,27500,21.0,38
2707,Centre,Bureau,Compliant,2,1.0,2,36630,16.39999962,86
2708,Centre,Bureau,Compliant,2,0.0,3,26830,78.19999695,116
2709,Centre,Bureau,Compliant,1,1.0,5,41920,26.29999924,110
2710,Centre,Bureau,Compliant,1,1.0,5,36879,34.90000153,111
2711,Centre,Autre,Compliant,1,1.0,6,29820,53.70000076,112
2715,Centre,Bureau,Compliant,1,0.0,2,33640,39.5,111
2716,Centre,Industriel,Compliant,3,1.0,4,43484,36.0,110
2720,Centre,Autre,Compliant,3,1.0,3,22480,34.09999847,116
2721,Centre,Détente,Compliant,2,1.0,4,33018,165.5,91
2723,Centre,Bureau,Compliant,1,1.0,2,26510,32.0,46
2737,Nord,Industriel,Compliant,3,1.0,1,40028,19.0,78
2738,Nord,Bureau,Compliant,2,1.0,3,44510,83.30000305,9
2739,Nord,Autre,Compliant,1,1.0,1,21624,30.79999924,62
2747,Centre,Bureau,Compliant,2,0.0,3,21600,71.30000305,23
2748,Centre,Autre,Compliant,3,1.0,3,20620,36.20000076,107
2751,Centre,Détente,Compliant,1,1.0,5,40552,29.60000038,106
2759,Centre,Bureau,Compliant,3,1.0,3,31432,45.79999924,107
2761,Centre,Supermarché,Compliant,2,1.0,2,24550,39.79999924,99
2770,Centre,Autre,Compliant,2,1.0,3,25864,47.20000076,108
2774,Nord,Autre,Compliant,1,1.0,3,20686,58.40000153,92
2775,Nord,Universitaire,Compliant,1,1.0,3,22124,28.79999924,87
2778,Nord,Universitaire,Compliant,1,1.0,3,27487,58.0,90
2779,Nord,Universitaire,Compliant,1,1.0,4,23616,70.09999847,90
2781,Nord,Universitaire,Compliant,1,1.0,3,33448,29.89999962,40
2782,Centre,Autre,Compliant,6,0.0,2,29508,99.19999695,11
2783,Centre,Médical,Compliant,1,1.0,2,74840,110.5,29
2784,Centre,Autre,Compliant,3,1.0,3,20992,80.09999847,103
2785,Centre,Universitaire,Compliant,1,1.0,2,22344,68.09999847,91
2789,Centre,Universitaire,Compliant,1,1.0,3,31900,94.80000305,95
2790,Nord,Autre,Compliant,4,1.0,2,29417,54.90000153,66
2791,Centre,Autre,Compliant,3,1.0,3,49299,89.19999695,107
2795,Sud,Supermarché,Compliant,2,1.0,1,31841,412.7000122,19
2798,Centre,Autre,Compliant,5,1.0,2,21036,130.1000061,28
2800,Nord,Autre,Compliant,4,1.0,2,32928,172.1000061,17
2801,Nord,Autre,Non-Compliant,1,1.0,2,20039,5.199999809,62
2803,Sud,Industriel,Compliant,1,1.0,1,44476,33.20000076,56
2804,Sud,Bureau,Compliant,3,1.0,1,35017,43.20000076,47
2805,Nord,Universitaire,Compliant,1,1.0,3,29084,62.79999924,66
2815,Sud,Autre,Compliant,2,1.0,2,22952,20.5,53
2829,Sud,Industriel,Compliant,1,1.0,1,21040,28.10000038,40
2830,Sud,Industriel,Compliant,1,1.0,2,28032,44.0,65
2831,Sud,Supermarché,Compliant,1,1.0,1,25620,21.5,42
2832,Centre,Industriel,Compliant,1,1.0,3,33238,49.09999847,24
2833,Centre,Universitaire,Compliant,1,1.0,4,27800,106.5,104
2835,Centre,Bureau,Compliant,3,1.0,6,706176,58.20000076,16
2839,Sud,Supermarché,Compliant,1,1.0,1,33706,273.7000122,18
2841,Nord,Autre,Compliant,3,1.0,2,37600,57.79999924,55
2862,Centre,Autre,Compliant,1,1.0,3,33708,23.29999924,104
2881,Nord,Autre,Compliant,1,1.0,2,47237,125.5,68
2896,Nord,Supermarché,Compliant,2,1.0,1,76585,335.5,19
2897,Nord,Autre,Compliant,1,1.0,3,26373,36.59999847,78
2901,Centre,Bureau,Compliant,4,6.0,2,75868,47.5,60
2904,Centre,Autre,Compliant,5,1.0,2,21656,74.30000305,69
2912,Centre,Supermarché,Compliant,1,1.0,3,23040,18.29999924,95
2913,Centre,Autre,Compliant,1,1.0,2,36771,156.3000031,60
2916,Sud,Industriel,Compliant,2,1.0,1,24024,15.60000038,39
2917,Sud,Industriel,Compliant,3,1.0,1,42420,22.79999924,63
2918,Sud,Supermarché,Compliant,2,1.0,1,36982,10.10000038,37
2919,Sud,Industriel,Compliant,3,1.0,2,23400,18.79999924,52
2924,Centre,Autre,Compliant,3,1.0,2,30720,57.79999924,68
2926,Sud,Industriel,Compliant,1,1.0,1,23232,5.5,44
2927,Sud,Industriel,Compliant,1,1.0,1,35046,32.70000076,42
2928,Sud,Industriel,Compliant,3,1.0,1,25577,35.0,55
2929,Sud,Industriel,Compliant,1,1.0,1,43380,9.5,42
2930,Nord,Bureau,Compliant,1,1.0,3,20410,133.3000031,21
2938,Nord,Bureau,Compliant,2,1.0,3,24696,33.90000153,33
2945,Nord,Autre,Compliant,1,1.0,1,24955,27.60000038,14
2962,Centre,Autre,Compliant,1,1.0,3,34074,250.1000061,25
2963,Centre,Détente,Compliant,2,0.0,10,392552,88.0,10
2981,Nord,Autre,Compliant,2,1.0,2,76475,23.10000038,55
2982,Nord,Universitaire,Compliant,1,1.0,2,32961,47.70000076,28
2985,Nord,Autre,Compliant,2,1.0,1,27376,84.59999847,12
2995,Centre,Autre,Compliant,1,1.0,3,25200,49.29999924,105
2996,Nord,Supermarché,Compliant,1,1.0,1,44755,245.1999969,20
2997,Centre,Autre,Compliant,1,1.0,2,22320,9.399999619,109
2998,Centre,Autre,Compliant,3,1.0,3,24000,38.79999924,104
2999,Centre,Bureau,Compliant,1,1.0,3,23422,115.4000015,96
3000,Centre,Autre,Compliant,1,5.0,2,38879,86.69999695,41
3003,Centre,Autre,Compliant,3,1.0,5,53034,92.30000305,18
3009,Centre,Industriel,Compliant,1,1.0,2,23040,3.5,96
3012,Centre,Industriel,Compliant,1,1.0,2,61880,9.600000381,58
3014,Centre,Bureau,Compliant,2,1.0,2,27938,37.90000153,91
3019,Nord,Autre,Compliant,2,1.0,2,21600,38.40000153,92
3020,Nord,Autre,Compliant,1,1.0,3,27908,92.69999695,87
3024,Centre,Supermarché,Compliant,1,1.0,3,54969,67.69999695,16
3025,Centre,Universitaire,Compliant,4,1.0,2,36825,27.20000076,65
3028,Centre,Bureau,Compliant,1,1.0,3,25834,65.19999695,58
3032,Centre,Autre,Compliant,1,1.0,1,37700,66.69999695,87
3041,Centre,Autre,Compliant,3,1.0,6,97229,16.39999962,12
3045,Nord,Bureau,Compliant,3,1.0,3,25111,43.20000076,34
3057,Nord,Autre,Compliant,1,1.0,2,31805,51.59999847,63
3058,Nord,Universitaire,Compliant,1,1.0,1,20811,60.90000153,63
3060,Centre,Industriel,Compliant,2,1.0,2,22058,99.69999695,49
3063,Sud,Industriel,Compliant,2,1.0,1,22890,215.8999939,46
3064,Sud,Autre,Compliant,1,1.0,5,36000,30.89999962,109
3065,Sud,Supermarché,Compliant,2,1.0,1,28320,149.6000061,45
3072,Nord,Autre,Compliant,1,1.0,1,29079,29.60000038,61
3073,Centre,Bureau,Compliant,2,1.0,3,28848,37.79999924,34
3076,Nord,Bureau,Compliant,2,1.0,2,20535,84.19999695,28
3077,Nord,Médical,Compliant,2,1.0,2,43025,218.3000031,31
3079,Sud,Industriel,Compliant,1,1.0,1,30800,15.80000019,51
3087,Centre,Autre,Compliant,2,1.0,3,22168,80.5,116
3088,Centre,Industriel,Compliant,3,1.0,1,37400,24.70000076,94
3094,Centre,Bureau,Compliant,1,1.0,11,268130,56.0,16
3095,Centre,Bureau,Compliant,2,1.0,11,68452,55.29999924,16
3096,Centre,Bureau,Compliant,1,1.0,11,273185,52.20000076,16
3097,Nord,Universitaire,Compliant,1,1.0,3,97500,38.29999924,92
3098,Centre,Bureau,Compliant,1,1.0,5,54015,55.90000153,34
3105,Centre,Détente,Compliant,4,1.0,13,42000,148.0,31
3108,Centre,Bureau,Compliant,2,0.0,24,119701,70.0,34
3109,Nord,Autre,Compliant,2,1.0,1,24697,64.69999695,51
3110,Centre,Universitaire,Compliant,1,2.0,1,57468,52.29999924,3
3111,Centre,Universitaire,Compliant,1,1.0,5,84000,144.5,10
3114,Centre,Supermarché,Compliant,1,1.0,3,103000,50.59999847,25
3115,Sud,Supermarché,Compliant,1,1.0,1,37864,212.0,8
3116,Centre,Supermarché,Compliant,1,1.0,2,66497,139.6999969,66
3117,Centre,Supermarché,Compliant,1,1.0,4,34010,92.69999695,10
3118,Centre,Supermarché,Compliant,1,1.0,4,45980,180.6000061,10
3121,Centre,Supermarché,Compliant,1,0.0,3,45743,117.4000015,20
3123,Centre,Autre,Compliant,2,1.0,1,45000,77.90000153,25
3124,Centre,Autre,Compliant,2,1.0,6,333698,41.09999847,17
3125,Sud,Industriel,Compliant,1,1.0,4,72859,20.60000038,112
3129,Sud,Autre,Compliant,3,1.0,3,21947,57.79999924,12
3130,Nord,Industriel,Compliant,2,1.0,0,384772,36.70000076,76
3131,Nord,Médical,Compliant,1,1.0,0,30287,78.19999695,56
3132,Nord,Bureau,Compliant,1,1.0,0,21931,124.0,56
3133,Centre,Bureau,Compliant,2,1.0,6,73102,46.5,31
3134,Centre,Autre,Compliant,5,1.0,2,140823,19.70000076,100
3136,Sud,Autre,Compliant,4,5.0,1,87458,96.90000153,50
3141,Nord,Supermarché,Compliant,2,1.0,1,51400,225.6999969,5
3144,Nord,Bureau,Compliant,1,1.0,1,26263,62.20000076,23
3152,Sud,Autre,Non-Compliant,1,1.0,2,39212,1.799999952,110
3155,Centre,Autre,Compliant,3,0.0,1,21400,249.3000031,48
3156,Centre,Médical,Compliant,1,1.0,8,178000,292.2000122,16
3158,Sud,Bureau,Compliant,2,1.0,4,162157,251.6000061,11
3160,Centre,Supermarché,Compliant,2,1.0,4,33997,262.6000061,13
3162,Centre,Bureau,Compliant,3,1.0,11,526423,42.79999924,4
3163,Centre,Autre,Compliant,3,1.0,6,74211,21.5,114
3165,Sud,Industriel,Compliant,1,1.0,2,45700,5.300000191,28
3168,Nord,Autre,Compliant,1,8.0,0,502030,32.70000076,87
3171,Nord,Autre,Compliant,1,1.0,2,53575,593.5999756,4
3173,Sud,Bureau,Compliant,1,1.0,6,157345,73.90000153,4
3175,Nord,Universitaire,Compliant,1,1.0,5,136758,30.29999924,4
3176,Nord,Universitaire,Compliant,2,1.0,7,192259,44.90000153,4
3178,Sud,Autre,Compliant,1,2.0,2,137138,39.5,4
3182,Centre,Autre,Compliant,2,1.0,7,267470,159.1999969,4
3187,Nord,Médical,Compliant,1,1.0,8,330000,239.1999969,3
3192,Centre,Supermarché,Compliant,3,1.0,3,43832,92.19999695,98
3193,Sud,Autre,Compliant,1,1.0,6,146363,80.09999847,29
3198,Sud,Supermarché,Compliant,1,1.0,1,67263,218.5,5
3199,Centre,Bureau,Compliant,5,1.0,13,354086,56.70000076,28
3201,Nord,Autre,Compliant,1,1.0,2,70292,27.5,8
3203,Centre,Autre,Compliant,2,1.0,7,90679,694.7000122,41
3205,Centre,Médical,Compliant,3,0.0,8,339591,240.8999939,3
3214,Centre,Universitaire,Compliant,1,1.0,2,35780,76.59999847,2
3216,Centre,Bureau,Compliant,2,1.0,3,105061,16.29999924,3
3218,Centre,Bureau,Compliant,1,1.0,3,62662,53.20000076,3
3221,Nord,Détente,Compliant,3,1.0,4,62381,58.0,3
3228,Centre,Médical,Compliant,2,1.0,6,79805,94.40000153,3
3230,Nord,Universitaire,Compliant,1,1.0,2,48925,26.20000076,2
3232,Centre,Autre,Compliant,1,0.0,1,29000,83.40000153,54
3233,Nord,Autre,Compliant,2,1.0,6,305025,76.59999847,3
3235,Sud,Bureau,Compliant,2,1.0,7,333714,23.89999962,2
3240,Sud,Autre,Compliant,2,1.0,2,56988,22.20000076,2
3253,Sud,Autre,Compliant,2,1.0,2,44162,35.0,6
3254,Sud,Autre,Compliant,7,1.0,1,53775,224.8999939,3
3259,Centre,Bureau,Compliant,3,0.0,2,64820,38.40000153,104
3260,Centre,Universitaire,Compliant,1,1.0,2,99765,31.89999962,23
3261,Centre,Universitaire,Compliant,1,1.0,3,428347,78.40000153,91
3264,Centre,Médical,Compliant,1,1.0,8,374466,162.3000031,96
3267,Centre,Médical,Compliant,4,1.0,3,197395,62.79999924,27
3268,Nord,Supermarché,Compliant,1,1.0,8,41198,188.6000061,6
3270,Centre,Autre,Compliant,1,1.0,1,20993,44.0,2
3273,Sud,Autre,Compliant,1,1.0,0,40265,53.59999847,7
3275,Nord,Universitaire,Compliant,1,1.0,4,58779,85.09999847,47
3276,Nord,Universitaire,Compliant,2,1.0,0,176225,28.0,5
3277,Nord,Universitaire,Compliant,1,1.0,6,203030,252.0,18
3278,Nord,Universitaire,Compliant,1,1.0,0,166991,95.59999847,63
3279,Nord,Universitaire,Compliant,1,1.0,0,89392,77.90000153,46
3280,Nord,Universitaire,Compliant,1,1.0,0,97040,40.09999847,5
3281,Centre,Bureau,Compliant,2,1.0,6,427181,38.29999924,2
3290,Sud,Industriel,Compliant,1,1.0,4,101580,10.69999981,2
3294,Nord,Autre,Compliant,2,1.0,3,33648,35.90000153,2
3312,Centre,Bureau,Compliant,5,1.0,5,37873,62.0,1
3317,Centre,Bureau,Compliant,3,1.0,10,513816,52.09999847,1
3319,Centre,Détente,Compliant,1,1.0,14,144614,34.59999847,1
3320,Centre,Bureau,Compliant,2,1.0,12,480702,37.20000076,2
3321,Nord,Autre,Compliant,2,1.0,2,25532,26.70000076,2
3322,Sud,Autre,Compliant,2,1.0,2,108036,46.20000076,1
3324,Centre,Bureau,Compliant,2,1.0,12,483397,40.90000153,1
3329,Centre,Bureau,Compliant,3,1.0,13,536697,37.90000153,2
3337,Nord,Détente,Compliant,3,1.0,4,126823,68.5,2
3338,Sud,Industriel,Compliant,1,1.0,1,52085,69.19999695,61
3339,Sud,Bureau,Compliant,1,1.0,2,24990,176.8999939,87
3340,Nord,Autre,Compliant,1,1.0,1,72000,40.59999847,3
3347,Sud,Universitaire,Compliant,2,1.0,3,45000,29.0,1
3356,Centre,Autre,Compliant,6,1.0,6,345290,144.5,1
3359,Nord,Universitaire,Compliant,1,1.0,1,68072,46.20000076,54
3360,Nord,Autre,Compliant,5,1.0,1,20616,30.89999962,11
3361,Centre,Autre,Compliant,1,1.0,1,11685,72.80000305,3
3362,Nord,Autre,Compliant,1,1.0,1,11968,65.5,6
3363,Nord,Autre,Compliant,1,1.0,1,11285,57.20000076,67
3364,Nord,Autre,Compliant,5,1.0,1,16795,55.79999924,105
3365,Nord,Autre,Compliant,4,1.0,1,12769,400.7999878,44
3367,Centre,Autre,Compliant,1,1.0,1,23445,254.8999939,104
3368,Centre,Autre,Compliant,4,1.0,1,20050,90.40000153,22
3370,Sud,Autre,Compliant,1,1.0,1,18261,51.0,34
3372,Centre,Autre,Compliant,1,1.0,1,16000,59.40000153,12
3373,Centre,Autre,Compliant,3,1.0,1,13157,438.2000122,42
3374,Sud,Autre,Compliant,5,1.0,1,14101,51.0,27
3375,Sud,Autre,Compliant,5,1.0,1,18258,63.09999847,78
